dim,n,K,rep,n_t,n_c,W_true,V_true,W_hat,W_se,V_hat,V_se,eps_band,n_band,share_pos,V_loo,W_dev,V_dev,n_varV,W_cover,V_cover
3,500,25,0,247,253,0.37796080233885754,0.573486328125,0.44908666596291197,0.06503226321381914,0.60791015625,0.08223608590331008,0.009759252845376912,46,0.60791015625,,0.07112586362405443,0.034423828125,3.3813869123482974,1.0,1.0
3,500,25,1,246,254,0.37796080233885754,0.573486328125,0.4889796288349395,0.07034518276545995,0.6533203125,0.06404297253517408,0.00887831638305819,27,0.6533203125,,0.11101882649608197,0.079833984375,2.05075116557053,1.0,1.0
3,500,25,2,248,252,0.37796080233885754,0.573486328125,0.32988545961416,0.06160275301007872,0.5,0.04300279799755515,0.008111492766975356,21,0.5,,-0.048075342724697545,-0.073486328125,0.9246203178092667,1.0,1.0
3,500,25,3,257,243,0.37796080233885754,0.573486328125,0.4326561511350361,0.06869927852403522,0.627685546875,0.07060558710314463,0.007660025914416074,27,0.627685546875,,0.054695348796178545,0.05419921875,2.4925744650898713,1.0,1.0
3,500,25,4,268,232,0.37796080233885754,0.573486328125,0.3711870607803638,0.060161413349295034,0.550048828125,0.07113719616265989,0.008793698784257346,36,0.550048828125,,-0.006773741558493751,-0.0234375,2.5302503389423765,1.0,1.0
3,500,25,5,255,245,0.37796080233885754,0.573486328125,0.5452420225955628,0.07201722325969294,0.654541015625,0.07199827531273985,0.008184803415046526,33,0.654541015625,,0.16728122025670522,0.0810546875,2.5918758240045423,0.0,1.0
3,500,25,6,239,261,0.37796080233885754,0.573486328125,0.42559883270485926,0.06437492602258162,0.565673828125,0.07686613781154052,0.009723271727069653,51,0.565673828125,,0.04763803036600173,-0.0078125,2.954201571031369,1.0,1.0
3,500,25,7,260,240,0.37796080233885754,0.573486328125,0.4097547313031547,0.057102643712895494,0.489501953125,0.08743101765487725,0.009964575903484115,47,0.489501953125,,0.03179392896429717,-0.083984375,3.822091424083729,1.0,1.0
3,500,25,8,244,256,0.37796080233885754,0.573486328125,0.41613754916684775,0.07170687669894656,0.59521484375,0.051111505553297416,0.009561914727032526,28,0.59521484375,,0.038176746827990216,0.021728515625,1.3061929999623763,1.0,1.0
3,500,25,9,249,251,0.37796080233885754,0.573486328125,0.45735523669686007,0.05946542576600061,0.508544921875,0.05540227538835034,0.010388526815669142,37,0.508544921875,,0.07939443435800253,-0.06494140625,1.5347060591033048,1.0,1.0
3,500,25,10,275,225,0.37796080233885754,0.573486328125,0.32931949316076203,0.05966198174496771,0.5595703125,0.0635109977674327,0.007529465324672174,27,0.5595703125,,-0.048641309178095504,-0.013916015625,2.0168234187074208,1.0,1.0
3,500,25,11,253,247,0.37796080233885754,0.573486328125,0.5351503843175642,0.06994497714286388,0.6240234375,0.07360539777785392,0.009106862179163521,39,0.6240234375,,0.1571895819787067,0.050537109375,2.7088772910180516,0.0,1.0
3,500,25,12,247,253,0.37796080233885754,0.573486328125,0.4638399331646665,0.06889804127875916,0.591552734375,0.08359154245118199,0.009073025861365136,48,0.591552734375,,0.08587913082580895,0.01806640625,3.49377298468388,1.0,1.0
3,500,25,13,239,261,0.37796080233885754,0.573486328125,0.41228250660153576,0.06173536483132126,0.531982421875,0.07249862047660133,0.008553509448976407,35,0.531982421875,,0.03432170426267822,-0.04150390625,2.6280249855051383,1.0,1.0
3,500,25,14,252,248,0.37796080233885754,0.573486328125,0.4001360985888994,0.0697729243855371,0.585693359375,0.06043183761185502,0.007369795776616173,26,0.585693359375,,0.022175296250041887,0.01220703125,1.8260034985728075,1.0,1.0
3,500,25,15,237,263,0.37796080233885754,0.573486328125,0.45805201601887197,0.07905942464108551,0.5869140625,0.09663529576165517,0.008898799145271802,47,0.5869140625,,0.08009121368001443,0.013427734375,4.669190193471284,1.0,1.0
3,500,25,16,257,243,0.37796080233885754,0.573486328125,0.43245038998972796,0.06818265274909217,0.54052734375,0.05284060509071777,0.00923873810901485,21,0.54052734375,,0.05448958765087042,-0.032958984375,1.3960647731765945,1.0,1.0
3,500,25,17,245,255,0.37796080233885754,0.573486328125,0.5132770272638241,0.059594772423757346,0.5087890625,0.04945339266305088,0.011303749951688964,37,0.5087890625,,0.13531622492496653,-0.064697265625,1.2228190229429472,0.0,1.0
3,500,25,18,268,232,0.37796080233885754,0.573486328125,0.3508249346561627,0.06119005575840906,0.64453125,0.053509450408065505,0.00840067148516355,27,0.64453125,,-0.027135867682694825,0.071044921875,1.4316306414866107,1.0,1.0
3,500,25,19,241,259,0.37796080233885754,0.573486328125,0.4590674148877809,0.06980345752047384,0.682861328125,0.04266635516993823,0.007752566735598208,19,0.682861328125,,0.08110661254892337,0.109375,0.9102089317436575,1.0,0.0
3,500,25,20,254,246,0.37796080233885754,0.573486328125,0.44957448646574893,0.06753107130234268,0.601806640625,0.10382014645952492,0.009514664121599507,54,0.601806640625,,0.0716136841268914,0.0283203125,5.389311405438603,1.0,1.0
3,500,25,21,250,250,0.37796080233885754,0.573486328125,0.3663507337066517,0.06783462121929722,0.523681640625,0.05379031695225125,0.007969051509851319,25,0.523681640625,,-0.011610068632205817,-0.0498046875,1.4466990989118238,1.0,1.0
3,500,25,22,253,247,0.37796080233885754,0.573486328125,0.418059534460997,0.06693177458702783,0.513427734375,0.052753426754864746,0.009269743988611754,24,0.513427734375,,0.040098732122139435,-0.06005859375,1.3914620171904397,1.0,1.0
3,500,25,23,267,233,0.37796080233885754,0.573486328125,0.5880688997396939,0.0859179649107672,0.68017578125,0.08529461328222596,0.010621634717709702,42,0.68017578125,,0.21010809740083636,0.106689453125,3.637585527482238,0.0,1.0
3,500,25,24,256,244,0.37796080233885754,0.573486328125,0.29395599506788417,0.062397418059857705,0.41796875,0.09375023830009442,0.007792559722373947,42,0.41796875,,-0.08400480727097337,-0.155517578125,4.3945535906622455,1.0,1.0
3,500,25,25,256,244,0.37796080233885754,0.573486328125,0.44107920326288874,0.06360719135454142,0.521728515625,0.06055366041419184,0.00834662476192686,29,0.521728515625,,0.0631184009240312,-0.0517578125,1.833372894778632,1.0,1.0
3,500,25,26,248,252,0.37796080233885754,0.573486328125,0.40472462809334825,0.0680580089420296,0.581787109375,0.08031065508069209,0.008417227183456834,38,0.581787109375,,0.02676382575449071,0.00830078125,3.2249006597449466,1.0,1.0
3,500,25,27,252,248,0.37796080233885754,0.573486328125,0.4009268753786728,0.07521482507840896,0.54833984375,0.10054730271625718,0.009272308697584816,52,0.54833984375,,0.022966073039815238,-0.025146484375,5.05488004175733,1.0,1.0
3,500,25,28,236,264,0.37796080233885754,0.573486328125,0.45000673857159107,0.06355459483676716,0.5283203125,0.047603315982552935,0.009590493427850793,23,0.5283203125,,0.07204593623273353,-0.045166015625,1.1330378462673898,1.0,1.0
3,500,25,29,241,259,0.37796080233885754,0.573486328125,0.3535658988595438,0.05986309699072477,0.505126953125,0.06300986106140113,0.008675303220992523,35,0.505126953125,,-0.024394903479313723,-0.068359375,1.9851212954885376,1.0,1.0
3,500,25,30,237,263,0.37796080233885754,0.573486328125,0.3438874849356774,0.06052253347593951,0.52294921875,0.09224109685887266,0.007608491387247439,42,0.52294921875,,-0.03407331740318015,-0.050537109375,4.254209974863964,1.0,1.0
3,500,25,31,223,277,0.37796080233885754,0.573486328125,0.5552735533504912,0.06833803556190561,0.656494140625,0.0549142081918907,0.009705064520728772,26,0.656494140625,,0.17731275101163368,0.0830078125,1.5077851306711576,0.0,1.0
3,500,25,32,245,255,0.37796080233885754,0.573486328125,0.45626816715971436,0.06416777702628546,0.630615234375,0.05987262250426601,0.009266307658188514,36,0.630615234375,,0.07830736482085682,0.05712890625,1.7923654627691703,1.0,1.0
3,500,25,33,241,259,0.37796080233885754,0.573486328125,0.42465905366566004,0.06464221065731941,0.61474609375,0.05860218019684654,0.009289610932456374,35,0.61474609375,,0.0466982513268025,0.041259765625,1.7171077619118367,1.0,1.0
3,500,25,34,249,251,0.37796080233885754,0.573486328125,0.3911260775730502,0.06480953599053998,0.47998046875,0.06411157834590488,0.009354185989311871,37,0.47998046875,,0.013165275234192642,-0.093505859375,2.0551472390015495,1.0,1.0
3,500,25,35,256,244,0.37796080233885754,0.573486328125,0.41676206614276534,0.07151928564836343,0.566650390625,0.07162990704075156,0.008573074378342618,35,0.566650390625,,0.038801263803907804,-0.0068359375,2.565421791333355,1.0,1.0
3,500,25,36,262,238,0.37796080233885754,0.573486328125,0.3805443104985272,0.06977483086307931,0.581787109375,0.0645717416405131,0.008400498602830805,30,0.581787109375,,0.0025835081596696785,0.00830078125,2.084754909244587,1.0,1.0
3,500,25,37,239,261,0.37796080233885754,0.573486328125,0.4310983232786598,0.07034524998897207,0.642578125,0.07393412190748821,0.00842937143691245,27,0.642578125,,0.053137520939802285,0.069091796875,2.7331271911156643,1.0,1.0
3,500,25,38,236,264,0.37796080233885754,0.573486328125,0.4690801112378647,0.06252876028311993,0.6025390625,0.05491886248647144,0.0092555418262709,27,0.6025390625,,0.09111930889900716,0.029052734375,1.5080407284039798,1.0,1.0
3,500,25,39,254,246,0.37796080233885754,0.573486328125,0.40225782160591195,0.06741381108710334,0.56640625,0.04745289414207289,0.009459390523050509,26,0.56640625,,0.02429701926705441,-0.007080078125,1.1258885812293877,1.0,1.0
3,500,25,40,226,274,0.37796080233885754,0.573486328125,0.3824896727230084,0.05890158221672304,0.515380859375,0.10050733023793038,0.008985964027355353,48,0.515380859375,,0.00452887038415084,-0.05810546875,5.050861715778196,1.0,1.0
3,500,25,41,267,233,0.37796080233885754,0.573486328125,0.30855873577368553,0.055879753856266604,0.447265625,0.09813671702573806,0.008334395282857022,51,0.447265625,,-0.069402066565172,-0.126220703125,4.815407614294894,1.0,1.0
3,500,25,42,254,246,0.37796080233885754,0.573486328125,0.4784103646305192,0.07211545069862381,0.538330078125,0.06440707441166384,0.009098173343924995,27,0.538330078125,,0.10044956229166169,-0.03515625,2.074135617134801,1.0,1.0
3,500,25,43,216,284,0.37796080233885754,0.573486328125,0.4529187031835815,0.07017158630244993,0.550048828125,0.0539566404517258,0.00976375562820008,32,0.550048828125,,0.07495790084472398,-0.0234375,1.4556595244184067,1.0,1.0
3,500,25,44,245,255,0.37796080233885754,0.573486328125,0.2989564175467463,0.06650655198606888,0.571533203125,0.059512036123911774,0.00792286783813461,25,0.571533203125,,-0.07900438479211125,-0.001953125,1.7708412218068899,1.0,1.0
3,500,25,45,260,240,0.37796080233885754,0.573486328125,0.35672096922356766,0.05575657636465915,0.396484375,0.05256017557885814,0.00950082656502786,26,0.396484375,,-0.021239833115289874,-0.177001953125,1.381286028440198,1.0,0.0
3,500,25,46,251,249,0.37796080233885754,0.573486328125,0.3334276124236668,0.06878595829924204,0.608154296875,0.08036161432700316,0.007475033709451431,28,0.608154296875,,-0.04453318991519073,0.03466796875,3.2289945286209996,1.0,1.0
3,500,25,47,246,254,0.37796080233885754,0.573486328125,0.3801903892546473,0.06292312305634648,0.5478515625,0.056665973429183836,0.0094942563351104,38,0.5478515625,,0.002229586915789783,-0.025634765625,1.6055162723384842,1.0,1.0
3,500,25,48,242,258,0.37796080233885754,0.573486328125,0.49700527562915386,0.0800234675676572,0.6455078125,0.06050202330846245,0.007645493639693241,20,0.6455078125,,0.11904447329029633,0.072021484375,1.830247412208867,1.0,1.0
3,500,25,49,247,253,0.37796080233885754,0.573486328125,0.4428529061688937,0.0642054172388132,0.58984375,0.04047017427433014,0.00837460239942624,20,0.58984375,,0.06489210383003619,0.016357421875,0.8189175028973265,1.0,1.0
3,500,50,0,257,243,0.37796080233885754,0.573486328125,0.513056606156909,0.09146380521484383,0.611083984375,0.09579021904980836,0.010393931140321782,46,0.611083984375,,0.13509580381805142,0.03759765625,4.587883032805134,1.0,1.0
3,500,50,1,241,259,0.37796080233885754,0.573486328125,0.5014056592564089,0.08667786983030559,0.624755859375,0.09335425312206792,0.010923345344048117,55,0.624755859375,,0.12344485691755136,0.05126953125,4.357508287989564,1.0,1.0
3,500,50,2,253,247,0.37796080233885754,0.573486328125,0.5760813168000158,0.06769866977886572,0.609619140625,0.07780466941109027,0.012168944976639005,52,0.609619140625,,0.1981205144611583,0.0361328125,3.0267832910845227,0.0,1.0
3,500,50,3,268,232,0.37796080233885754,0.573486328125,0.3684343734403484,0.06596490321151498,0.48779296875,0.061697783372842215,0.009627344798620997,26,0.48779296875,,-0.009526428898509132,-0.085693359375,1.9033082365610827,1.0,1.0
3,500,50,4,258,242,0.37796080233885754,0.573486328125,0.532390168443279,0.0669866947048651,0.57470703125,0.05218086982159293,0.011562403805094254,34,0.57470703125,,0.15442936610442148,0.001220703125,1.3614215876690139,0.0,1.0
3,500,50,5,253,247,0.37796080233885754,0.573486328125,0.41699470341159406,0.06408319050048922,0.60400390625,0.044466934831790435,0.009119172411406007,18,0.60400390625,,0.03903390107273652,0.030517578125,0.9886541466673486,1.0,1.0
3,500,50,6,260,240,0.37796080233885754,0.573486328125,0.4712121971220249,0.06886252331719092,0.62158203125,0.03887134542709482,0.010215899618727929,23,0.62158203125,,0.09325139478316735,0.048095703125,0.7554907476562627,1.0,1.0
3,500,50,7,240,260,0.37796080233885754,0.573486328125,0.4419741008189223,0.06565265266602101,0.5439453125,0.07167653524431787,0.010249030255658176,36,0.5439453125,,0.06401329848006476,-0.029541015625,2.568762852314971,1.0,1.0
3,500,50,8,247,253,0.37796080233885754,0.573486328125,0.4516772600591441,0.06640180449013466,0.54150390625,0.08443043429416827,0.01027678039004479,46,0.54150390625,,0.07371645772028657,-0.031982421875,3.5642491175509328,1.0,1.0
3,500,50,9,260,240,0.37796080233885754,0.573486328125,0.5629988678739766,0.07223794232075284,0.60595703125,0.05697347572906701,0.00998084533940572,27,0.60595703125,,0.18503806553511903,0.032470703125,1.6229884683252938,0.0,1.0
3,500,50,10,243,257,0.37796080233885754,0.573486328125,0.6077888573311306,0.07410403276002904,0.679931640625,0.07664782703079742,0.011234030490865701,31,0.679931640625,,0.2298280549922731,0.1064453125,2.93744469427152,0.0,1.0
3,500,50,11,265,235,0.37796080233885754,0.573486328125,0.5198338238641306,0.06764699483434287,0.54248046875,0.07552128163783771,0.012910504264652485,51,0.54248046875,,0.14187302152527304,-0.031005859375,2.851731990110802,0.0,1.0
3,500,50,12,250,250,0.37796080233885754,0.573486328125,0.5720843784261067,0.06542153122395519,0.557373046875,0.05221559955916044,0.013219332058556478,28,0.557373046875,,0.19412357608724917,-0.01611328125,1.363234418661298,0.0,1.0
3,500,50,13,258,242,0.37796080233885754,0.573486328125,0.46739079152468976,0.06778233059929967,0.553466796875,0.09085856034794476,0.010676250636793663,47,0.553466796875,,0.08942998918583223,-0.02001953125,4.12763899425056,1.0,1.0
3,500,50,14,224,276,0.37796080233885754,0.573486328125,0.5980402122435434,0.08001070474063215,0.687744140625,0.06384082285026774,0.010476457398076159,33,0.687744140625,,0.22007940990468589,0.1142578125,2.0378253310996333,0.0,1.0
3,500,50,15,239,261,0.37796080233885754,0.573486328125,0.4260331092559979,0.05957138727337448,0.587158203125,0.07547450669974412,0.009709306296440599,25,0.587158203125,,0.04807230691714037,0.013671875,2.84820058078486,1.0,1.0
3,500,50,16,254,246,0.37796080233885754,0.573486328125,0.5127213752823644,0.06987665293722584,0.6162109375,0.054845940707776486,0.009810754849179829,25,0.6162109375,,0.13476057294350685,0.042724609375,1.504038606060467,1.0,1.0
3,500,50,17,256,244,0.37796080233885754,0.573486328125,0.46088095024209874,0.06763795643612375,0.5,0.06477256547171718,0.011013536206764157,35,0.5,,0.0829201479032412,-0.073486328125,2.0977426188939443,1.0,1.0
3,500,50,18,247,253,0.37796080233885754,0.573486328125,0.4937633862072389,0.07312412267131267,0.572998046875,0.049373539882520884,0.012463071683244722,31,0.572998046875,,0.11580258386838138,-0.00048828125,1.21887322026544,1.0,1.0
3,500,50,19,281,219,0.37796080233885754,0.573486328125,0.47374801175722614,0.05546070047296112,0.5498046875,0.08034596677720625,0.011405382918241216,42,0.5498046875,,0.0957872094183686,-0.023681640625,3.227737188681965,1.0,1.0
3,500,50,20,241,259,0.37796080233885754,0.573486328125,0.445694568987372,0.07334860028085989,0.51025390625,0.10175437853937225,0.010886372797316277,38,0.51025390625,,0.06773376664851444,-0.063232421875,5.17697677596693,1.0,1.0
3,500,50,21,249,251,0.37796080233885754,0.573486328125,0.4461390541794477,0.07383297493331129,0.606689453125,0.09145938397387791,0.009118116206862583,38,0.606689453125,,0.06817825184059018,0.033203125,4.182409458440618,1.0,1.0
3,500,50,22,254,246,0.37796080233885754,0.573486328125,0.5915989923629406,0.07077181158603375,0.66015625,0.04308136529844792,0.010807051643639147,22,0.66015625,,0.21363819002408302,0.086669921875,0.9280020179891564,0.0,0.0
3,500,50,23,203,297,0.37796080233885754,0.573486328125,0.5313929908213746,0.07032477742036655,0.694091796875,0.06989789921757825,0.009715480023470847,36,0.694091796875,,0.15343218848251705,0.12060546875,2.4428581575153627,0.0,1.0
3,500,50,24,253,247,0.37796080233885754,0.573486328125,0.3726093462501182,0.06291098169784054,0.5126953125,0.06715754366140604,0.011112089186076935,44,0.5126953125,,-0.005351456088739326,-0.060791015625,2.2550678353168294,1.0,1.0
3,500,50,25,247,253,0.37796080233885754,0.573486328125,0.48383115267060006,0.057269183593828585,0.519775390625,0.05749258608281867,0.011109975145635187,32,0.519775390625,,0.10587035033174252,-0.0537109375,1.6526987272451572,1.0,1.0
3,500,50,26,258,242,0.37796080233885754,0.573486328125,0.5834453097305892,0.07087633936206514,0.6220703125,0.07237514364681628,0.012085300249646548,53,0.6220703125,,0.20548450739173163,0.048583984375,2.619080708948646,0.0,1.0
3,500,50,27,251,249,0.37796080233885754,0.573486328125,0.4955935702629286,0.060128888616253734,0.53466796875,0.09547788106390924,0.011323415540051882,55,0.53466796875,,0.11763276792407107,-0.038818359375,4.558012886226999,1.0,1.0
3,500,50,28,248,252,0.37796080233885754,0.573486328125,0.4502562241609498,0.05072542844996982,0.502685546875,0.08670607160853303,0.013179171166377025,66,0.502685546875,,0.07229542182209225,-0.07080078125,3.7589714268920287,1.0,1.0
3,500,50,29,257,243,0.37796080233885754,0.573486328125,0.4813340374065742,0.06329994409137321,0.542236328125,0.07410454213955568,0.01069773592749376,40,0.542236328125,,0.10337323506771667,-0.03125,2.745741582856592,1.0,1.0
3,500,50,30,234,266,0.37796080233885754,0.573486328125,0.46703821625876096,0.06526841041380724,0.57373046875,0.08719927330736567,0.010601391366252497,56,0.57373046875,,0.08907741391990343,0.000244140625,3.8018566326663277,1.0,1.0
3,500,50,31,259,241,0.37796080233885754,0.573486328125,0.5300029254878909,0.06766907700884162,0.5556640625,0.0756312520630994,0.0109638856119109,44,0.5556640625,,0.15204212314903331,-0.017822265625,2.8600431443160383,0.0,1.0
3,500,50,32,244,256,0.37796080233885754,0.573486328125,0.5036307699188397,0.06545187987710495,0.54052734375,0.054551069402767924,0.00960370072201157,25,0.54052734375,,0.12566996757998217,-0.032958984375,1.4879095864928014,1.0,1.0
3,500,50,33,240,260,0.37796080233885754,0.573486328125,0.49497899698220016,0.06152703928494747,0.603759765625,0.05989017779405483,0.009947904862720765,29,0.603759765625,,0.11701819464334262,0.0302734375,1.7934166981017492,1.0,1.0
3,500,50,34,265,235,0.37796080233885754,0.573486328125,0.4799129300066206,0.06459121960324145,0.513671875,0.08333088447379929,0.011750066521419139,65,0.513671875,,0.10195212766776307,-0.059814453125,3.4720181535928414,1.0,1.0
3,500,50,35,218,282,0.37796080233885754,0.573486328125,0.5227164690594025,0.06678583588595134,0.57666015625,0.07504617398668781,0.011043848478017872,37,0.57666015625,,0.14475566672054496,0.003173828125,2.815964115020109,0.0,1.0
3,500,50,36,258,242,0.37796080233885754,0.573486328125,0.6555243173888208,0.05982625852427581,0.618408203125,0.049534813860183186,0.011940260806101144,28,0.618408203125,,0.27756351504996324,0.044921875,1.2268488920814982,0.0,1.0
3,500,50,37,248,252,0.37796080233885754,0.573486328125,0.5105122824394617,0.06755270210774394,0.560791015625,0.06145441316767187,0.010019145738454003,35,0.560791015625,,0.13255148010060414,-0.0126953125,1.888322448891461,0.0,1.0
3,500,50,38,244,256,0.37796080233885754,0.573486328125,0.39980476895494915,0.05101701821268196,0.4873046875,0.06084818525463739,0.010766770828430128,35,0.4873046875,,0.021843966616091615,-0.086181640625,1.8512508243913355,1.0,1.0
3,500,50,39,243,257,0.37796080233885754,0.573486328125,0.46017675564267946,0.05727153691517105,0.5126953125,0.04360937289714653,0.014933117793602393,43,0.5126953125,,0.08221595330382192,-0.060791015625,0.9508887022411893,1.0,1.0
3,500,50,40,251,249,0.37796080233885754,0.573486328125,0.5680470434770306,0.07709843189264226,0.646484375,0.09162852516121717,0.01092407677147219,42,0.646484375,,0.19008624113817307,0.072998046875,4.197893311609904,0.0,1.0
3,500,50,41,256,244,0.37796080233885754,0.573486328125,0.47232524500480344,0.06951837888184816,0.56640625,0.046294209700952244,0.010272471754054286,21,0.56640625,,0.0943644426659459,-0.007080078125,1.0715769259178705,1.0,1.0
3,500,50,42,242,258,0.37796080233885754,0.573486328125,0.38606624299548903,0.06397218579652864,0.572265625,0.07191853495874415,0.008918701880789234,34,0.572265625,,0.00810544065663149,-0.001220703125,2.586137835306052,1.0,1.0
3,500,50,43,258,242,0.37796080233885754,0.573486328125,0.3612375499965935,0.062167302687143114,0.484130859375,0.06976587597822591,0.01056458935801279,39,0.484130859375,,-0.016723252342264017,-0.08935546875,2.4336387255045993,1.0,1.0
3,500,50,44,239,261,0.37796080233885754,0.573486328125,0.5079793272291272,0.07184777112764712,0.54296875,0.05047237783730647,0.012234540257653477,34,0.54296875,,0.13001852489026966,-0.030517578125,1.273730462275913,1.0,1.0
3,500,50,45,237,263,0.37796080233885754,0.573486328125,0.5433647654218726,0.07529354578880404,0.58837890625,0.06323011785584648,0.012050136554692155,39,0.58837890625,,0.16540396308301508,0.014892578125,1.9990239020321179,0.0,1.0
3,500,50,46,229,271,0.37796080233885754,0.573486328125,0.5913596938024666,0.07282476300060486,0.570068359375,0.06298932039640018,0.011679282719079212,35,0.570068359375,,0.21339889146360902,-0.00341796875,1.9838272420001777,0.0,1.0
3,500,50,47,255,245,0.37796080233885754,0.573486328125,0.5600403610830378,0.06801689690052097,0.608642578125,0.039247565878108875,0.011008951039338142,26,0.608642578125,,0.18207955874418025,0.03515625,0.7701857136782481,0.0,1.0
3,500,50,48,228,272,0.37796080233885754,0.573486328125,0.49877570319090336,0.06325674922268204,0.53173828125,0.04763123387061269,0.011384061975233489,29,0.53173828125,,0.12081490085204583,-0.041748046875,1.1343672200185007,1.0,1.0
3,500,50,49,257,243,0.37796080233885754,0.573486328125,0.4832839761548693,0.0753921406556004,0.50634765625,0.05638032665410446,0.012135590643053081,46,0.50634765625,,0.10532317381601175,-0.067138671875,1.589370616811761,1.0,1.0
3,1000,25,0,530,470,0.37796080233885754,0.573486328125,0.3682452253834188,0.04675174400036579,0.564697265625,0.03154527078087383,0.007682930582516143,21,0.564697265625,,-0.009715576955438732,-0.0087890625,0.9951041086386523,1.0,1.0
3,1000,25,1,475,525,0.37796080233885754,0.573486328125,0.34869294586827543,0.044881924805879284,0.526611328125,0.045831853188080494,0.007842321176156618,28,0.526611328125,,-0.02926785647058211,-0.046875,2.100558766653764,1.0,1.0
3,1000,25,2,495,505,0.37796080233885754,0.573486328125,0.4551457573051254,0.043316176329398104,0.501953125,0.050483163842017155,0.009447930028574414,34,0.501953125,,0.07718495496626787,-0.071533203125,2.548549831499948,1.0,1.0
3,1000,25,3,506,494,0.37796080233885754,0.573486328125,0.368873360928651,0.041757147957822593,0.504638671875,0.06970566347777862,0.008098355072773022,47,0.504638671875,,-0.009087441410206565,-0.06884765625,4.858879520877321,1.0,1.0
3,1000,25,4,488,512,0.37796080233885754,0.573486328125,0.48824239312537365,0.05387832978325801,0.625,0.03435432602739845,0.007985566290237367,22,0.625,,0.11028159078651611,0.051513671875,1.1802197167967865,0.0,1.0
3,1000,25,5,479,521,0.37796080233885754,0.573486328125,0.3305743310016981,0.04254869689093029,0.4541015625,0.03895597976451505,0.007551896755749502,26,0.4541015625,,-0.04738647133715945,-0.119384765625,1.5175683594133063,1.0,0.0
3,1000,25,6,484,516,0.37796080233885754,0.573486328125,0.3992183643472276,0.050551878542434196,0.593505859375,0.04973638636571734,0.007798043334166074,26,0.593505859375,,0.021257562008370035,0.02001953125,2.4737081287199136,1.0,1.0
3,1000,25,7,495,505,0.37796080233885754,0.573486328125,0.4318807499732632,0.048563709599341434,0.5869140625,0.043600719974508234,0.008314724530461951,27,0.5869140625,,0.05391994763440566,0.013427734375,1.9010227822954813,1.0,1.0
3,1000,25,8,500,500,0.37796080233885754,0.573486328125,0.4666214869145049,0.047540695496420524,0.6064453125,0.0666528821440329,0.008089465654636113,37,0.6064453125,,0.08866068457564735,0.032958984375,4.4426066981063395,1.0,1.0
3,1000,25,9,496,504,0.37796080233885754,0.573486328125,0.4735401685802171,0.05435406789477193,0.6650390625,0.04707463605012701,0.008309045902125679,27,0.6650390625,,0.09557936624135954,0.091552734375,2.2160213592519176,1.0,1.0
3,1000,25,10,480,520,0.37796080233885754,0.573486328125,0.3745771022298856,0.04759509381586637,0.60400390625,0.05614549197273837,0.007119398131233253,25,0.60400390625,,-0.003383700108971932,0.030517578125,3.1523162688608286,1.0,1.0
3,1000,25,11,510,490,0.37796080233885754,0.573486328125,0.37758507722379847,0.047979197408148086,0.5849609375,0.0546578398475694,0.0065885580122491,25,0.5849609375,,-0.0003757251150590668,0.011474609375,2.987479456802546,1.0,1.0
3,1000,25,12,504,496,0.37796080233885754,0.573486328125,0.4307885504106561,0.05020788867941733,0.62109375,0.02482114016181985,0.008198309836299265,15,0.62109375,,0.052827748071798575,0.047607421875,0.6160889989327064,1.0,1.0
3,1000,25,13,517,483,0.37796080233885754,0.573486328125,0.43063996466487175,0.051628981566174924,0.63720703125,0.046030132805026096,0.00798621569348096,24,0.63720703125,,0.05267916232601422,0.063720703125,2.11877312604834,1.0,1.0
3,1000,25,14,497,503,0.37796080233885754,0.573486328125,0.41926520384034954,0.05056893340297534,0.61181640625,0.044533280377154275,0.008759156236573928,31,0.61181640625,,0.041304401501492005,0.038330078125,1.9832130611502339,1.0,1.0
3,1000,25,15,481,519,0.37796080233885754,0.573486328125,0.5310044745290489,0.04930310580088281,0.61181640625,0.035955911180593644,0.009010987472473324,25,0.61181640625,,0.15304367219019133,0.038330078125,1.2928275488267391,0.0,1.0
3,1000,25,16,494,506,0.37796080233885754,0.573486328125,0.35383334555655127,0.04652173292800882,0.5966796875,0.047424868685513884,0.008186169769149043,32,0.5966796875,,-0.024127456782306267,0.023193359375,2.2491181698382356,1.0,1.0
3,1000,25,17,504,496,0.37796080233885754,0.573486328125,0.3600718501709941,0.04732389912996832,0.607421875,0.03630451486338369,0.007813091813585554,24,0.607421875,,-0.01788895216786346,0.033935546875,1.318017799465647,1.0,1.0
3,1000,25,18,506,494,0.37796080233885754,0.573486328125,0.4218077190663574,0.04804821956474629,0.57421875,0.04658324827289479,0.008439345866577031,31,0.57421875,,0.04384691672749985,0.000732421875,2.1699990196541554,1.0,1.0
3,1000,25,19,495,505,0.37796080233885754,0.573486328125,0.3284811980691352,0.04190094590757941,0.47021484375,0.06187926614858979,0.007941189222143395,31,0.47021484375,,-0.04947960426972231,-0.103271484375,3.82904357908801,1.0,1.0
3,1000,25,20,498,502,0.37796080233885754,0.573486328125,0.4183420108364839,0.046881752003861105,0.597900390625,0.0505806368199642,0.008667598711488169,31,0.597900390625,,0.040381208497626386,0.0244140625,2.558400821113118,1.0,1.0
3,1000,25,21,494,506,0.37796080233885754,0.573486328125,0.2988007757127648,0.04369625799428938,0.48876953125,0.03437665028797116,0.007600709545142605,21,0.48876953125,,-0.07916002662609273,-0.084716796875,1.1817540850214678,1.0,0.0
3,1000,25,22,481,519,0.37796080233885754,0.573486328125,0.4162605545715079,0.04658638297745455,0.60107421875,0.059544485254894926,0.007426455962805314,33,0.60107421875,,0.038299752232650364,0.027587890625,3.545545724270399,1.0,1.0
3,1000,25,23,501,499,0.37796080233885754,0.573486328125,0.37858271800418863,0.04554637437434048,0.5,0.04168026424568439,0.008382237654161876,25,0.5,,0.0006219156653310964,-0.073486328125,1.7372444275900767,1.0,1.0
3,1000,25,24,517,483,0.37796080233885754,0.573486328125,0.3989386638593003,0.046170690531804906,0.61083984375,0.048652765772355125,0.007717860058362869,29,0.61083984375,,0.020977861520442787,0.037353515625,2.3670916172996503,1.0,1.0
3,1000,25,25,507,493,0.37796080233885754,0.573486328125,0.37171217178108346,0.04547327881144721,0.55615234375,0.055108175333591115,0.00789417029124479,37,0.55615234375,,-0.006248630557774082,-0.017333984375,3.0369109885978203,1.0,1.0
3,1000,25,26,502,498,0.37796080233885754,0.573486328125,0.5244591558804635,0.050081715525741234,0.6171875,0.03193795277726212,0.009104417540996302,22,0.6171875,,0.146498353541606,0.043701171875,1.0200328276026251,0.0,1.0
3,1000,25,27,505,495,0.37796080233885754,0.573486328125,0.3092741576800977,0.05052202586859032,0.564697265625,0.05707972243263987,0.007064483421773451,32,0.564697265625,,-0.06868664465875984,-0.0087890625,3.258094712987211,1.0,1.0
3,1000,25,28,473,527,0.37796080233885754,0.573486328125,0.41517841196293337,0.04405501527685022,0.559814453125,0.04122811936872136,0.007208699219886419,22,0.559814453125,,0.03721760962407583,-0.013671875,1.6997578266815374,1.0,1.0
3,1000,25,29,489,511,0.37796080233885754,0.573486328125,0.4705468214413447,0.050329996446429125,0.5908203125,0.03916581098391034,0.007909663735687696,20,0.5908203125,,0.09258601910248715,0.017333984375,1.5339607500273915,1.0,1.0
3,1000,25,30,516,484,0.37796080233885754,0.573486328125,0.4214541042331622,0.04694893101173937,0.6025390625,0.04841208105001001,0.007733672412141317,26,0.6025390625,,0.04349330189430467,0.029052734375,2.3437295915927385,1.0,1.0
3,1000,25,31,492,508,0.37796080233885754,0.573486328125,0.4235647120933147,0.04586747125477378,0.573486328125,0.0659894935056081,0.008600719173311776,48,0.573486328125,,0.04560390975445716,0.0,4.354613253126693,1.0,1.0
3,1000,25,32,526,474,0.37796080233885754,0.573486328125,0.4244705178580036,0.04941496520601759,0.617431640625,0.04065263822838989,0.0077198361876840765,18,0.617431640625,,0.046509715519146066,0.0439453125,1.652636994928347,1.0,1.0
3,1000,25,33,494,506,0.37796080233885754,0.573486328125,0.36753436679392715,0.04256865176731565,0.5263671875,0.05222324673569395,0.008396172124251254,34,0.5263671875,,-0.01042643554493039,-0.047119140625,2.727267499617169,1.0,1.0
3,1000,25,34,507,493,0.37796080233885754,0.573486328125,0.4173391311684884,0.04929539949431029,0.570068359375,0.041818477748275434,0.00859220722463822,29,0.570068359375,,0.03937832882963088,-0.00341796875,1.7487850811830077,1.0,1.0
3,1000,25,35,500,500,0.37796080233885754,0.573486328125,0.43014179077211406,0.0491974488809676,0.607177734375,0.03644282947389655,0.007886101081325569,18,0.607177734375,,0.052180988433256525,0.03369140625,1.3280798200635031,1.0,1.0
3,1000,25,36,506,494,0.37796080233885754,0.573486328125,0.41274336614260887,0.05207429923822011,0.593994140625,0.04502280762666266,0.007322277151806571,27,0.593994140625,,0.03478256380375133,0.0205078125,2.0270532065874733,1.0,1.0
3,1000,25,37,506,494,0.37796080233885754,0.573486328125,0.32891486092102695,0.05070645176482694,0.62353515625,0.0607168764858541,0.006923677849014107,35,0.62353515625,,-0.049045941417830585,0.050048828125,3.6865390901984627,1.0,1.0
3,1000,25,38,500,500,0.37796080233885754,0.573486328125,0.3101535836133673,0.045997365652320515,0.527099609375,0.04334714479072665,0.006876898564368759,22,0.527099609375,,-0.06780721872549023,-0.04638671875,1.8789749615082203,1.0,1.0
3,1000,25,39,492,508,0.37796080233885754,0.573486328125,0.43564389688791894,0.04615126293155214,0.552490234375,0.04661865645457648,0.00829568093849946,32,0.552490234375,,0.0576830945490614,-0.02099609375,2.1732991296298256,1.0,1.0
3,1000,25,40,511,489,0.37796080233885754,0.573486328125,0.39459587948723057,0.04672316036889738,0.5576171875,0.03846285264176599,0.00830393145316388,25,0.5576171875,,0.016635077148373034,-0.015869140625,1.4793910333422053,1.0,1.0
3,1000,25,41,500,500,0.37796080233885754,0.573486328125,0.4382721844086093,0.04720249728246081,0.589111328125,0.04712982878276605,0.007942187776541536,28,0.589111328125,,0.060311382069751784,0.015625,2.2212207610928436,1.0,1.0
3,1000,25,42,504,496,0.37796080233885754,0.573486328125,0.36740539258446747,0.05122546526213988,0.546142578125,0.056143048211117326,0.007308052296563201,30,0.546142578125,,-0.010555409754390066,-0.02734375,3.1520418624358446,1.0,1.0
3,1000,25,43,497,503,0.37796080233885754,0.573486328125,0.46832628198077986,0.050449982514299656,0.644775390625,0.03235612877073784,0.007526590681986221,16,0.644775390625,,0.09036547964192232,0.0712890625,1.046919069028569,1.0,0.0
3,1000,25,44,483,517,0.37796080233885754,0.573486328125,0.38337761953817007,0.049896511997884516,0.563720703125,0.04614162269926504,0.009074940011525773,30,0.563720703125,,0.005416817199312529,-0.009765625,2.129049345321331,1.0,1.0
3,1000,25,45,502,498,0.37796080233885754,0.573486328125,0.44128022895683994,0.05322189703099553,0.602294921875,0.04486168445423402,0.007681301811394434,29,0.602294921875,,0.0633194266179824,0.02880859375,2.012570732071262,1.0,1.0
3,1000,25,46,500,500,0.37796080233885754,0.573486328125,0.4215620347624994,0.05072014748373669,0.608642578125,0.029732942797058966,0.007484953927023606,19,0.608642578125,,0.04360123242364189,0.03515625,0.8840478873731807,1.0,1.0
3,1000,25,47,486,514,0.37796080233885754,0.573486328125,0.4642094782859577,0.046794276554965,0.611083984375,0.0479881218289167,0.008280269153881385,31,0.611083984375,,0.08624867594710017,0.03759765625,2.3028598366669515,1.0,1.0
3,1000,25,48,521,479,0.37796080233885754,0.573486328125,0.2434157963787984,0.04287184941185914,0.50830078125,0.05764244937500151,0.0061944092414797786,28,0.50830078125,,-0.13454500596005914,-0.065185546875,3.3226519699496118,0.0,1.0
3,1000,25,49,492,508,0.37796080233885754,0.573486328125,0.42403590702169247,0.049801508840527156,0.630615234375,0.043304565655655144,0.007286996113815594,25,0.630615234375,,0.04607510468283493,0.05712890625,1.875285406624947,1.0,1.0
3,1000,50,0,513,487,0.37796080233885754,0.573486328125,0.4804151097895047,0.04682517141536753,0.576171875,0.047495475897378306,0.00955326062379287,22,0.576171875,,0.10245430745064715,0.002685546875,2.2558202307184434,0.0,1.0
3,1000,50,1,525,475,0.37796080233885754,0.573486328125,0.5270734591634294,0.047166036494071355,0.5908203125,0.05860099667748067,0.009575445764500983,38,0.5908203125,,0.14911265682457187,0.017333984375,3.434076811594101,0.0,1.0
3,1000,50,2,475,525,0.37796080233885754,0.573486328125,0.3673277114475081,0.0506157735956976,0.544189453125,0.057746270515028036,0.00749050002748238,35,0.544189453125,,-0.01063309089134945,-0.029296875,3.334631758394796,1.0,1.0
3,1000,50,3,479,521,0.37796080233885754,0.573486328125,0.43478644945751793,0.04549995066160953,0.574462890625,0.06384786584058784,0.009852936031165925,43,0.574462890625,,0.056825647118660394,0.0009765625,4.076549972397704,1.0,1.0
3,1000,50,4,500,500,0.37796080233885754,0.573486328125,0.4681239510598687,0.04922523266294313,0.6005859375,0.04238885426893278,0.008383643967926865,24,0.6005859375,,0.09016314872101117,0.027099609375,1.796814966232821,1.0,1.0
3,1000,50,5,515,485,0.37796080233885754,0.573486328125,0.430840345212068,0.0452693959663746,0.55322265625,0.05099862526989535,0.009243681178344586,30,0.55322265625,,0.05287954287321045,-0.020263671875,2.6008597794192085,1.0,1.0
3,1000,50,6,502,498,0.37796080233885754,0.573486328125,0.3876311162238897,0.04493240788934323,0.553955078125,0.06325767015290132,0.007436339898923706,30,0.553955078125,,0.009670313885032145,-0.01953125,4.001532833173263,1.0,1.0
3,1000,50,7,508,492,0.37796080233885754,0.573486328125,0.4344880593136249,0.04941631008445509,0.633056640625,0.0701250823130442,0.008300410098202088,39,0.633056640625,,0.05652725697476735,0.0595703125,4.917527169411225,1.0,1.0
3,1000,50,8,470,530,0.37796080233885754,0.573486328125,0.40553849881476234,0.0476076833355107,0.5693359375,0.0480135618955288,0.0086529388792071,25,0.5693359375,,0.0275776964759048,-0.004150390625,2.305302125895775,1.0,1.0
3,1000,50,9,497,503,0.37796080233885754,0.573486328125,0.29372531134180796,0.046339244646326924,0.52099609375,0.052423413293969635,0.007835005320622614,29,0.52099609375,,-0.08423549099704958,-0.052490234375,2.7482142613903524,1.0,1.0
3,1000,50,10,518,482,0.37796080233885754,0.573486328125,0.4394712058337926,0.04341056066630645,0.5625,0.053439641243370646,0.009408133137483312,33,0.5625,,0.061510403494935084,-0.010986328125,2.8557952562201607,1.0,1.0
3,1000,50,11,515,485,0.37796080233885754,0.573486328125,0.38848267411411386,0.046822557744175514,0.538818359375,0.049696676794071096,0.00859274334930716,31,0.538818359375,,0.01052187177525632,-0.03466796875,2.4697596843743646,1.0,1.0
3,1000,50,12,500,500,0.37796080233885754,0.573486328125,0.3783215469540616,0.04178021259053146,0.5244140625,0.058461321871057376,0.008647987991803146,39,0.5244140625,,0.0003607446152040783,-0.049072265625,3.4177261549113713,1.0,1.0
3,1000,50,13,500,500,0.37796080233885754,0.573486328125,0.5026016011289185,0.047896579639200944,0.572021484375,0.030923023973011297,0.00921711278136633,18,0.572021484375,,0.12464079879006096,-0.00146484375,0.9562334116354314,0.0,1.0
3,1000,50,14,485,515,0.37796080233885754,0.573486328125,0.42277184638509724,0.043334983646420626,0.549560546875,0.05144499193166443,0.008609010747368832,37,0.549560546875,,0.0448110440462397,-0.02392578125,2.646587194849018,1.0,1.0
3,1000,50,15,513,487,0.37796080233885754,0.573486328125,0.43687377323046167,0.046700626466558946,0.611572265625,0.05208330717020823,0.0092046515053421,37,0.611572265625,,0.05891297089160413,0.0380859375,2.712670885786264,1.0,1.0
3,1000,50,16,492,508,0.37796080233885754,0.573486328125,0.43595606316418356,0.04282957888542178,0.54638671875,0.05431648005698115,0.009077590463930434,36,0.54638671875,,0.05799526082532602,-0.027099609375,2.950280005780431,1.0,1.0
3,1000,50,17,478,522,0.37796080233885754,0.573486328125,0.3697236759633931,0.048514017359521835,0.607421875,0.055716327876902574,0.007990446550108464,30,0.607421875,,-0.00823712637546442,0.033935546875,3.104309192086511,1.0,1.0
3,1000,50,18,499,501,0.37796080233885754,0.573486328125,0.43484809052836215,0.052814899395638534,0.634765625,0.06365816727972652,0.007647333407572117,38,0.634765625,,0.056887288189504615,0.061279296875,4.052362261413645,1.0,1.0
3,1000,50,19,508,492,0.37796080233885754,0.573486328125,0.40120100515413787,0.04429749881274034,0.562255859375,0.06442009091323359,0.008723160301586019,35,0.562255859375,,0.02324020281528033,-0.01123046875,4.14994811326928,1.0,1.0
3,1000,50,20,514,486,0.37796080233885754,0.573486328125,0.3978671083041898,0.04361061069443494,0.542236328125,0.06508801456242863,0.008146607654120976,42,0.542236328125,,0.01990630596533227,-0.03125,4.236449639678922,1.0,1.0
3,1000,50,21,510,490,0.37796080233885754,0.573486328125,0.4041991751253412,0.0446814601722717,0.552978515625,0.04923459986742024,0.008022231805759474,26,0.552978515625,,0.026238372786483666,-0.0205078125,2.4240458241049767,1.0,1.0
3,1000,50,22,539,461,0.37796080233885754,0.573486328125,0.5147870490953339,0.049148041866684464,0.599853515625,0.03939264668625722,0.00981853915196944,25,0.599853515625,,0.13682624675647637,0.0263671875,1.551780612948292,0.0,1.0
3,1000,50,23,501,499,0.37796080233885754,0.573486328125,0.4947716984886358,0.046220212455660596,0.621337890625,0.05454801957623616,0.00931585268033917,30,0.621337890625,,0.11681089614977824,0.0478515625,2.975486439689443,0.0,1.0
3,1000,50,24,527,473,0.37796080233885754,0.573486328125,0.4199154888877393,0.04520209469890766,0.5634765625,0.06849228882230209,0.008571179449169483,36,0.5634765625,,0.04195468654888174,-0.010009765625,4.691193628117647,1.0,1.0
3,1000,50,25,507,493,0.37796080233885754,0.573486328125,0.431075489164637,0.04324121155033799,0.570556640625,0.05016190479017451,0.009929648482442191,31,0.570556640625,,0.05311468682577947,-0.0029296875,2.5162166921785323,1.0,1.0
3,1000,50,26,490,510,0.37796080233885754,0.573486328125,0.44059833848820035,0.050243992994257115,0.602783203125,0.045706678408079474,0.008681980103432237,23,0.602783203125,,0.06263753614934281,0.029296875,2.0891004510995983,1.0,1.0
3,1000,50,27,503,497,0.37796080233885754,0.573486328125,0.5140708053583158,0.04900334105557161,0.586181640625,0.04341352613969938,0.009301185457631927,27,0.586181640625,,0.1361100030194583,0.0126953125,1.884734251882361,0.0,1.0
3,1000,50,28,482,518,0.37796080233885754,0.573486328125,0.46672224047983263,0.04848371646885403,0.5556640625,0.03203182720583366,0.009543045757855258,21,0.5556640625,,0.08876143814097509,-0.017822265625,1.0260379541443856,1.0,1.0
3,1000,50,29,487,513,0.37796080233885754,0.573486328125,0.45781630318580246,0.04684875808300561,0.5830078125,0.048670875150371995,0.009025918953325343,29,0.5830078125,,0.07985550084694493,0.009521484375,2.368854087903098,1.0,1.0
3,1000,50,30,490,510,0.37796080233885754,0.573486328125,0.43123157264636913,0.0437952345167443,0.5849609375,0.045478305254512005,0.008119685649802214,27,0.5849609375,,0.053270770307511595,0.011474609375,2.068276248822574,1.0,1.0
3,1000,50,31,499,501,0.37796080233885754,0.573486328125,0.4820099840480694,0.04576114750150728,0.5869140625,0.04555815089453547,0.008718868571364072,23,0.5869140625,,0.10404918170921185,0.013427734375,2.0755451129292632,0.0,1.0
3,1000,50,32,502,498,0.37796080233885754,0.573486328125,0.43190351703427443,0.04605360906763031,0.58837890625,0.05501331259211933,0.008418079512142889,32,0.58837890625,,0.05394271469541689,0.014892578125,3.026464562358235,1.0,1.0
3,1000,50,33,482,518,0.37796080233885754,0.573486328125,0.43170921678893037,0.04595087464382398,0.603515625,0.0379836006037484,0.009017664467886762,26,0.603515625,,0.053748414450072834,0.030029296875,1.4427539148250756,1.0,1.0
3,1000,50,34,508,492,0.37796080233885754,0.573486328125,0.4401175142879438,0.046806726656047494,0.560302734375,0.04980178713917743,0.0094032961981681,30,0.560302734375,,0.062156711949086285,-0.01318359375,2.4802180022559384,1.0,1.0
3,1000,50,35,484,516,0.37796080233885754,0.573486328125,0.45356961282840735,0.04796231830308539,0.5595703125,0.06774471979549654,0.009638102193526243,51,0.5595703125,,0.07560881048954982,-0.013916015625,4.589347060170341,1.0,1.0
3,1000,50,36,492,508,0.37796080233885754,0.573486328125,0.5176283226101325,0.05178220192842501,0.6669921875,0.04490525030696083,0.009425192018444079,29,0.6669921875,,0.13966752027127494,0.093505859375,2.016481505130806,0.0,0.0
3,1000,50,37,507,493,0.37796080233885754,0.573486328125,0.37768113440867346,0.04414576501588981,0.559814453125,0.054787033154606736,0.008112860758776588,33,0.559814453125,,-0.00027966793018407987,-0.013671875,3.0016190018839777,1.0,1.0
3,1000,50,38,505,495,0.37796080233885754,0.573486328125,0.44724961565069654,0.048987775335320026,0.57763671875,0.063723884626,0.009375989318882205,29,0.57763671875,,0.069288813311839,0.004150390625,4.060733471827759,1.0,1.0
3,1000,50,39,494,506,0.37796080233885754,0.573486328125,0.3335701431284922,0.047998650631296026,0.5126953125,0.059173067886320256,0.007793636241496847,30,0.5126953125,,-0.044390659210365335,-0.060791015625,3.5014519630790657,1.0,1.0
3,1000,50,40,524,476,0.37796080233885754,0.573486328125,0.5400563046396278,0.05254471645711443,0.61865234375,0.048180395435195526,0.009319826652578675,18,0.61865234375,,0.1620955023007703,0.045166015625,2.32135050429181,0.0,1.0
3,1000,50,41,489,511,0.37796080233885754,0.573486328125,0.39394868380321596,0.045642217282213085,0.513671875,0.04924704440954133,0.008847915848075568,34,0.513671875,,0.015987881464358422,-0.059814453125,2.425271383075336,1.0,1.0
3,1000,50,42,483,517,0.37796080233885754,0.573486328125,0.41318926251711396,0.048067095080316466,0.58837890625,0.06349642490329119,0.007999369609125626,38,0.58837890625,,0.03522846017825643,0.014892578125,4.031795975499297,1.0,1.0
3,1000,50,43,493,507,0.37796080233885754,0.573486328125,0.43634553044502483,0.04575143534867131,0.5166015625,0.037865842149593355,0.009486535785449982,28,0.5166015625,,0.058384728106167294,-0.056884765625,1.4338220016979206,1.0,1.0
3,1000,50,44,506,494,0.37796080233885754,0.573486328125,0.46722173306012627,0.04689371773144233,0.59228515625,0.06937141832247985,0.008408074900317362,38,0.59228515625,,0.08926093072126873,0.018798828125,4.812393680072493,1.0,1.0
3,1000,50,45,495,505,0.37796080233885754,0.573486328125,0.5666432211168242,0.05742692208823812,0.645263671875,0.038611373737166145,0.01134401972328925,32,0.645263671875,,0.18868241877796665,0.07177734375,1.4908381818711236,0.0,1.0
3,1000,50,46,474,526,0.37796080233885754,0.573486328125,0.380202965470924,0.0420840925166931,0.472412109375,0.0623366293490486,0.008556014143053951,41,0.472412109375,,0.002242163132066488,-0.10107421875,3.885855358600667,1.0,1.0
3,1000,50,47,489,511,0.37796080233885754,0.573486328125,0.4745603295137648,0.05172565843945186,0.611328125,0.049103420760239304,0.009397446461468971,30,0.611328125,,0.09659952717490727,0.037841796875,2.4111459303571,1.0,1.0
3,1000,50,48,497,503,0.37796080233885754,0.573486328125,0.5476482591186891,0.05491519643854213,0.6494140625,0.036155894585109545,0.009628274621900926,26,0.6494140625,,0.16968745677983155,0.075927734375,1.3072487132495538,0.0,0.0
3,1000,50,49,515,485,0.37796080233885754,0.573486328125,0.48090632676074413,0.04695828847484911,0.54931640625,0.07314553854571564,0.009880274154833784,44,0.54931640625,,0.10294552442188659,-0.024169921875,5.350269809142771,0.0,1.0
5,500,25,0,255,245,0.3628114154831657,0.5751953125,0.3020131380429594,0.07362926677782117,0.520263671875,0.08071414574057419,0.007629841607782876,36,0.520263671875,,-0.06079827744020633,-0.054931640625,3.257386661315325,1.0,1.0
5,500,25,1,258,242,0.3628114154831657,0.5751953125,0.42521766094497565,0.07164530124018673,0.580078125,0.0348725235492128,0.009750475974863018,19,0.580078125,,0.06240624546180995,0.0048828125,0.6080464493452007,1.0,1.0
5,500,25,2,241,259,0.3628114154831657,0.5751953125,0.48034352245827794,0.07629651784370547,0.58056640625,0.055026551674297576,0.010877632059501404,30,0.58056640625,,0.11753210697511224,0.00537109375,1.5139606945820707,1.0,1.0
5,500,25,3,269,231,0.3628114154831657,0.5751953125,0.48821334693262197,0.08232768188586383,0.643798828125,0.04808185090816604,0.008710894789868674,23,0.643798828125,,0.12540193144945627,0.068603515625,1.1559321933775537,1.0,1.0
5,500,25,4,255,245,0.3628114154831657,0.5751953125,0.2762780194417238,0.0705210379394247,0.52392578125,0.04943670750851888,0.007550240719753535,24,0.52392578125,,-0.08653339604144189,-0.05126953125,1.2219940246414236,1.0,1.0
5,500,25,5,244,256,0.3628114154831657,0.5751953125,0.28628327662430303,0.06338374855445049,0.479736328125,0.0739738890263307,0.007413514815916148,30,0.479736328125,,-0.07652813885886267,-0.095458984375,2.7360681288399453,1.0,1.0
5,500,25,6,251,249,0.3628114154831657,0.5751953125,0.4673062056804439,0.07855744508442976,0.582275390625,0.05722733287459319,0.009954397269727395,28,0.582275390625,,0.1044947901972782,0.007080078125,1.6374838139697472,1.0,1.0
5,500,25,7,262,238,0.3628114154831657,0.5751953125,0.36467700847120876,0.07033077450155666,0.534423828125,0.044400628607196166,0.01089588864744908,32,0.534423828125,,0.0018655929880430633,-0.040771484375,0.9857079103570833,1.0,1.0
5,500,25,8,244,256,0.3628114154831657,0.5751953125,0.474669967074841,0.07961546033149246,0.62646484375,0.0714769244046431,0.009232114165728689,27,0.62646484375,,0.11185855159167529,0.05126953125,2.5544753611735316,1.0,1.0
5,500,25,9,254,246,0.3628114154831657,0.5751953125,0.5458503355562561,0.07247692343662254,0.60205078125,0.05187512290972686,0.010717690906988129,29,0.60205078125,,0.18303892007309036,0.02685546875,1.3455141884496342,0.0,1.0
5,500,25,10,228,272,0.3628114154831657,0.5751953125,0.46658855455322923,0.0891425094983718,0.63720703125,0.06223050728709351,0.00833371975364847,24,0.63720703125,,0.10377713907006353,0.06201171875,1.9363180186044995,1.0,1.0
5,500,25,11,251,249,0.3628114154831657,0.5751953125,0.5246622611016887,0.0737835976644691,0.60400390625,0.07106293641588662,0.009307844355469433,35,0.60400390625,,0.16185084561852298,0.02880859375,2.5249704660241723,0.0,1.0
5,500,25,12,241,259,0.3628114154831657,0.5751953125,0.4616176050610012,0.06473014965074558,0.554443359375,0.0556619590901389,0.009408443741464318,26,0.554443359375,,0.09880618957783549,-0.020751953125,1.5491268448761484,1.0,1.0
5,500,25,13,233,267,0.3628114154831657,0.5751953125,0.39738978946519044,0.06888374193046498,0.599609375,0.08464768873753949,0.008460076147439155,36,0.599609375,,0.034578373982024735,0.0244140625,3.5826156043036845,1.0,1.0
5,500,25,14,252,248,0.3628114154831657,0.5751953125,0.3620042858578696,0.0645260738400194,0.504638671875,0.06720431462939132,0.008040535118928372,31,0.504638671875,,-0.0008071296252961102,-0.070556640625,2.25820995240311,1.0,1.0
5,500,25,15,242,258,0.3628114154831657,0.5751953125,0.5185709687882736,0.07536604369920605,0.617919921875,0.059449602203959756,0.00907722757151386,26,0.617919921875,,0.15575955330510788,0.042724609375,1.7671276011045285,0.0,1.0
5,500,25,16,264,236,0.3628114154831657,0.5751953125,0.42043076871930657,0.0842782252967855,0.567626953125,0.07635474957483729,0.010114944667090637,42,0.567626953125,,0.05761935323614087,-0.007568359375,2.9150238913180577,1.0,1.0
5,500,25,17,245,255,0.3628114154831657,0.5751953125,0.3639142582584042,0.06903576180184258,0.599609375,0.0841536353477525,0.007212897041078468,41,0.599609375,,0.0011028427752384773,0.0244140625,3.5409171711212495,1.0,1.0
5,500,25,18,245,255,0.3628114154831657,0.5751953125,0.5498582220003037,0.07168636280231443,0.6005859375,0.08873548540586075,0.01013985867261022,44,0.6005859375,,0.18704680651713795,0.025390625,3.936993185106863,0.0,1.0
5,500,25,19,252,248,0.3628114154831657,0.5751953125,0.5912818727968179,0.07764119850577024,0.66064453125,0.0441952685097126,0.010051904006963772,22,0.66064453125,,0.22847045731365218,0.08544921875,0.9766108793227972,0.0,1.0
5,500,25,20,255,245,0.3628114154831657,0.5751953125,0.47343236894444635,0.07763665109700583,0.601318359375,0.0677471553341719,0.010392424730034187,47,0.601318359375,,0.11062095346128065,0.026123046875,2.294838527936208,1.0,1.0
5,500,25,21,243,257,0.3628114154831657,0.5751953125,0.4201237478674583,0.06665543487519997,0.5810546875,0.07834053520101936,0.00866368279254941,42,0.5810546875,,0.05731233238429262,0.005859375,3.0686197277910763,1.0,1.0
5,500,25,22,244,256,0.3628114154831657,0.5751953125,0.3650320699046234,0.06707167500756481,0.5927734375,0.05229993596602138,0.0077991076715367745,23,0.5927734375,,0.0022206544214576907,0.017578125,1.3676416510249683,1.0,1.0
5,500,25,23,250,250,0.3628114154831657,0.5751953125,0.48597536090000704,0.08567925208841834,0.607177734375,0.045869484935824364,0.00982215934742166,25,0.607177734375,,0.12316394541684134,0.031982421875,1.052004824138909,1.0,1.0
5,500,25,24,250,250,0.3628114154831657,0.5751953125,0.36268149036020714,0.06183832778712967,0.468505859375,0.05570525866583235,0.009238982537206585,29,0.468505859375,,-0.00012992512295856296,-0.106689453125,1.551537921513645,1.0,1.0
5,500,25,25,256,244,0.3628114154831657,0.5751953125,0.3927197638319436,0.07321978335719735,0.52880859375,0.05787982867065291,0.008563660900811561,27,0.52880859375,,0.029908348348777924,-0.04638671875,1.6750372834720673,1.0,1.0
5,500,25,26,267,233,0.3628114154831657,0.5751953125,0.5322722631402954,0.08692672613924479,0.64453125,0.050447902611464236,0.009266376568986016,26,0.64453125,,0.1694608476571297,0.0693359375,1.27249543894789,1.0,1.0
5,500,25,27,249,251,0.3628114154831657,0.5751953125,0.6309467030504272,0.08141506353428865,0.659423828125,0.05719259526577447,0.009404493222855932,28,0.659423828125,,0.2681352875672615,0.084228515625,1.6354964766173443,0.0,1.0
5,500,25,28,229,271,0.3628114154831657,0.5751953125,0.4179385817587861,0.06661093323364393,0.5908203125,0.07111739088749217,0.008749938353144202,38,0.5908203125,,0.05512716627562042,0.015625,2.5288416433221768,1.0,1.0
5,500,25,29,235,265,0.3628114154831657,0.5751953125,0.46807071978029996,0.07186900052736402,0.56982421875,0.0549343449108566,0.009980321038946294,31,0.56982421875,,0.10525930429713426,-0.00537109375,1.5088911253924784,1.0,1.0
5,500,25,30,249,251,0.3628114154831657,0.5751953125,0.41341747891011144,0.07298599451661167,0.556640625,0.050574387404057966,0.009405490046451373,25,0.556640625,,0.050606063426945735,-0.0185546875,1.2788843306478686,1.0,1.0
5,500,25,31,254,246,0.3628114154831657,0.5751953125,0.469529105640183,0.08107936922613905,0.674560546875,0.090945426986728,0.007313300418477667,38,0.674560546875,,0.10671769015701732,0.099365234375,4.135535344899137,1.0,1.0
5,500,25,32,249,251,0.3628114154831657,0.5751953125,0.3379916327130855,0.0745733104451395,0.510009765625,0.07722748191570415,0.008732822190291869,36,0.510009765625,,-0.02481978277008018,-0.065185546875,2.9820419815202057,1.0,1.0
5,500,25,33,246,254,0.3628114154831657,0.5751953125,0.5043500977145092,0.09243132596909616,0.666015625,0.07459223785556894,0.009113898504682414,37,0.666015625,,0.14153868223134353,0.0908203125,2.782000974150886,1.0,1.0
5,500,25,34,251,249,0.3628114154831657,0.5751953125,0.5533901408370087,0.07490187356387273,0.57080078125,0.05867456789966172,0.011627177115407535,42,0.57080078125,,0.19057872535384296,-0.00439453125,1.7213524591060068,0.0,1.0
5,500,25,35,235,265,0.3628114154831657,0.5751953125,0.6393936738371708,0.06859802201296758,0.61083984375,0.037140623021664945,0.012425219215443073,26,0.61083984375,,0.27658225835400513,0.03564453125,0.6897129392187141,0.0,1.0
5,500,25,36,272,228,0.3628114154831657,0.5751953125,0.4112487510325544,0.07490286019059109,0.5771484375,0.05872708218663009,0.009823652185891232,27,0.5771484375,,0.04843733554938873,0.001953125,1.7244350910776027,1.0,1.0
5,500,25,37,258,242,0.3628114154831657,0.5751953125,0.3036709098576534,0.07574998345990044,0.525390625,0.09916953207945592,0.008543020844268799,45,0.525390625,,-0.05914050562551232,-0.0498046875,4.917298046429118,1.0,1.0
5,500,25,38,234,266,0.3628114154831657,0.5751953125,0.43575149985136047,0.07095314346346793,0.600341796875,0.07129274575962465,0.009114545343044705,34,0.600341796875,,0.07294008436819477,0.025146484375,2.541327798973239,1.0,1.0
5,500,25,39,221,279,0.3628114154831657,0.5751953125,0.5268988714191347,0.07448163963146436,0.599365234375,0.06407939870018053,0.009394963770924178,33,0.599365234375,,0.16408745593596902,0.024169921875,2.0530846688883493,0.0,1.0
5,500,25,40,275,225,0.3628114154831657,0.5751953125,0.48623357810305756,0.07375291825352963,0.638427734375,0.04557615218191231,0.009136770432484247,20,0.638427734375,,0.12342216261989186,0.063232421875,1.0385928238544153,1.0,1.0
5,500,25,41,277,223,0.3628114154831657,0.5751953125,0.3299915602795841,0.05977522522059519,0.477294921875,0.07776423370251251,0.00949522479473931,41,0.477294921875,,-0.032819855203581605,-0.097900390625,3.023638021669491,1.0,1.0
5,500,25,42,251,249,0.3628114154831657,0.5751953125,0.48649225369710225,0.0787311578226545,0.62744140625,0.06478940295610293,0.008401137890332422,25,0.62744140625,,0.12368083821393655,0.05224609375,2.098833367704139,1.0,1.0
5,500,25,43,243,257,0.3628114154831657,0.5751953125,0.40380993954958566,0.0760212760208647,0.586181640625,0.0592076288158002,0.007773744745166946,23,0.586181640625,,0.04099852406641996,0.010986328125,1.7527716549947874,1.0,1.0
5,500,25,44,251,249,0.3628114154831657,0.5751953125,0.5486032392542219,0.08020769869737829,0.654296875,0.0516687596266569,0.008352666012278456,21,0.654296875,,0.18579182377105624,0.0791015625,1.3348303606786251,0.0,1.0
5,500,25,45,249,251,0.3628114154831657,0.5751953125,0.6448568729947217,0.08790587791258221,0.6728515625,0.05666730038792215,0.0104063023702018,32,0.6728515625,,0.282045457511556,0.09765625,1.6055914666275009,0.0,1.0
5,500,25,46,255,245,0.3628114154831657,0.5751953125,0.5434654698442314,0.07938837774658057,0.631591796875,0.05379830851376925,0.008950399371633956,28,0.631591796875,,0.18065405436106569,0.056396484375,1.4471289994713485,0.0,1.0
5,500,25,47,256,244,0.3628114154831657,0.5751953125,0.4362502655218423,0.07879896259150271,0.58251953125,0.05862344323249208,0.010558322873906862,34,0.58251953125,,0.07343885003867662,0.00732421875,1.7183540482166106,1.0,1.0
5,500,25,48,244,256,0.3628114154831657,0.5751953125,0.44528842712508226,0.08963084577384817,0.567138671875,0.07343137869432723,0.010384905723264419,39,0.567138671875,,0.08247701164191656,-0.008056640625,2.696083688474847,1.0,1.0
5,500,25,49,255,245,0.3628114154831657,0.5751953125,0.31744104514723287,0.06684865885616006,0.5400390625,0.09978197661815483,0.006850284156681667,42,0.5400390625,,-0.04537037033593283,-0.03515625,4.978221428912999,1.0,1.0
5,500,50,0,257,243,0.3628114154831657,0.5751953125,0.514314580821665,0.07145442339624639,0.58935546875,0.06674044631925552,0.010885254374024031,34,0.58935546875,,0.15150316533849933,0.01416015625,2.227143587446714,0.0,1.0
5,500,50,1,271,229,0.3628114154831657,0.5751953125,0.48110385581205994,0.06289543355330818,0.491455078125,0.06458574315295154,0.012758580272675764,51,0.491455078125,,0.11829244032889424,-0.083740234375,2.0856591093095136,1.0,1.0
5,500,50,2,261,239,0.3628114154831657,0.5751953125,0.4653220422532555,0.07566511084927798,0.5615234375,0.07244983722533928,0.011593288844439139,38,0.5615234375,,0.10251062677008982,-0.013671875,2.624489456989078,1.0,1.0
5,500,50,3,244,256,0.3628114154831657,0.5751953125,0.5449441577285787,0.07566353149428479,0.5244140625,0.05593872753043805,0.012562612650451428,38,0.5244140625,,0.18213274224541304,-0.05078125,1.5645706188622939,0.0,1.0
5,500,50,4,253,247,0.3628114154831657,0.5751953125,0.49070832606943393,0.06315055542759081,0.564208984375,0.06378945313089876,0.009875378715616405,33,0.564208984375,,0.12789691058626823,-0.010986328125,2.0345471653695646,0.0,1.0
5,500,50,5,244,256,0.3628114154831657,0.5751953125,0.5773626906629173,0.06648252470135166,0.5693359375,0.049543734635840726,0.011856884867453944,33,0.5693359375,,0.21455127517975164,-0.005859375,1.227290820833302,0.0,1.0
5,500,50,6,240,260,0.3628114154831657,0.5751953125,0.4946779394130413,0.07339039448404733,0.540771484375,0.06535480690198477,0.011711756243200894,43,0.540771484375,,0.13186652392987558,-0.034423828125,2.135625392597858,1.0,1.0
5,500,50,7,250,250,0.3628114154831657,0.5751953125,0.44085064826539555,0.06701260773519735,0.48486328125,0.047156994627773875,0.010854747856362219,31,0.48486328125,,0.07803923278222985,-0.09033203125,1.111891071161947,1.0,1.0
5,500,50,8,260,240,0.3628114154831657,0.5751953125,0.5726253447885454,0.06732587255869017,0.595458984375,0.05529271682046846,0.011462115470569523,33,0.595458984375,,0.20981392930537973,0.020263671875,1.528642266694258,0.0,1.0
5,500,50,9,254,246,0.3628114154831657,0.5751953125,0.47914252276634056,0.06215021984210192,0.554443359375,0.0504483624243248,0.011744851895427108,32,0.554443359375,,0.11633110728317486,-0.020751953125,1.2725186356480132,1.0,1.0
5,500,50,10,234,266,0.3628114154831657,0.5751953125,0.48280199552583203,0.06803893509854145,0.57568359375,0.04793042421632915,0.011052434737980326,34,0.57568359375,,0.11999058004266633,0.00048828125,1.148662782778636,1.0,1.0
5,500,50,11,246,254,0.3628114154831657,0.5751953125,0.4986850733312983,0.07983790714449848,0.54150390625,0.0615816149835895,0.011345978990815494,33,0.54150390625,,0.1358736578481326,-0.03369140625,1.8961476519935274,1.0,1.0
5,500,50,12,247,253,0.3628114154831657,0.5751953125,0.4864001183766579,0.06306929492619136,0.532470703125,0.07356895504409176,0.010931665206981765,51,0.532470703125,,0.12358870289349222,-0.042724609375,2.7061955731397975,1.0,1.0
5,500,50,13,249,251,0.3628114154831657,0.5751953125,0.5074936110761021,0.06958436397327843,0.510986328125,0.0722310280289527,0.012131296082652746,37,0.510986328125,,0.14468219559293644,-0.064208984375,2.6086607050596755,0.0,1.0
5,500,50,14,260,240,0.3628114154831657,0.5751953125,0.4860897624832337,0.06479566315482035,0.572265625,0.06356663803928642,0.010196653077432205,35,0.572265625,,0.12327834700006801,-0.0029296875,2.0203587358088275,1.0,1.0
5,500,50,15,258,242,0.3628114154831657,0.5751953125,0.5307351468660915,0.07118825381386053,0.56005859375,0.06175453954181382,0.011834833836110555,37,0.56005859375,,0.16792373138292577,-0.01513671875,1.9068115770107232,0.0,1.0
5,500,50,16,244,256,0.3628114154831657,0.5751953125,0.5193364463632032,0.07243310518659031,0.626953125,0.06709030688425292,0.011302521477269354,37,0.626953125,,0.1565250308800375,0.0517578125,2.2505546389116176,0.0,1.0
5,500,50,17,257,243,0.3628114154831657,0.5751953125,0.5305596107067891,0.06469135687193547,0.532958984375,0.055128028769540156,0.012193710387102737,36,0.532958984375,,0.16774819522362344,-0.042236328125,1.5195497780076237,0.0,1.0
5,500,50,18,249,251,0.3628114154831657,0.5751953125,0.5850710253126115,0.07138451385450795,0.61328125,0.0483714354321814,0.010791453962969395,30,0.61328125,,0.22225960982944576,0.0380859375,1.169897882884847,0.0,1.0
5,500,50,19,267,233,0.3628114154831657,0.5751953125,0.43214448240368664,0.079982920703816,0.534912109375,0.05697103296748281,0.011081516669897134,31,0.534912109375,,0.06933306692052094,-0.040283203125,1.6228492986910064,1.0,1.0
5,500,50,20,253,247,0.3628114154831657,0.5751953125,0.48695624353877776,0.0694494226649137,0.579345703125,0.07531994191167805,0.011430647228446143,42,0.579345703125,,0.12414482805561206,0.004150390625,2.8365468247892784,1.0,1.0
5,500,50,21,260,240,0.3628114154831657,0.5751953125,0.5145309360116339,0.07140470102791441,0.562744140625,0.06672966385350398,0.009839042921215608,28,0.562744140625,,0.1517195205284682,-0.012451171875,2.226424019000818,0.0,1.0
5,500,50,22,265,235,0.3628114154831657,0.5751953125,0.5012123150308475,0.06357135668031486,0.58837890625,0.05679216572065398,0.00939089207402908,30,0.58837890625,,0.1384008995476818,0.01318359375,1.6126750436211124,0.0,1.0
5,500,50,23,254,246,0.3628114154831657,0.5751953125,0.5092741291584146,0.06932759158885511,0.59619140625,0.08154400601447766,0.009895313996569163,44,0.59619140625,,0.14646271367524893,0.02099609375,3.324712458444584,0.0,1.0
5,500,50,24,245,255,0.3628114154831657,0.5751953125,0.4897167168376876,0.06403905618729408,0.526611328125,0.06853863763116487,0.010825353536178644,38,0.526611328125,,0.12690530135452188,-0.048583984375,2.3487724241680645,0.0,1.0
5,500,50,25,249,251,0.3628114154831657,0.5751953125,0.5112887200705178,0.07819727996194265,0.576171875,0.0636146894818995,0.01081844320593559,38,0.576171875,,0.14847730458735214,0.0009765625,2.023414358939247,1.0,1.0
5,500,50,26,259,241,0.3628114154831657,0.5751953125,0.5056864846201943,0.06714920286874392,0.613525390625,0.046056584658905525,0.012110256374426372,32,0.613525390625,,0.14287506913702858,0.038330078125,1.060604495221466,0.0,1.0
5,500,50,27,240,260,0.3628114154831657,0.5751953125,0.41280811118435057,0.06530282871186711,0.48681640625,0.058695691342852435,0.00996872669930315,31,0.48681640625,,0.04999669570118487,-0.08837890625,1.7225920911077013,1.0,1.0
5,500,50,28,246,254,0.3628114154831657,0.5751953125,0.5614650423649163,0.06287997543412725,0.589111328125,0.04901643911633002,0.01072871021878827,30,0.589111328125,,0.19865362688175064,0.013916015625,1.2013056518224436,0.0,1.0
5,500,50,29,226,274,0.3628114154831657,0.5751953125,0.35916867278863346,0.06411156106690638,0.484375,0.05653363870931943,0.009835864582284257,30,0.484375,,-0.0036427426945322416,-0.0908203125,1.5980261528579298,1.0,1.0
5,500,50,30,237,263,0.3628114154831657,0.5751953125,0.4099217901915219,0.07060738070057214,0.564453125,0.06265920929093272,0.011048311350192415,39,0.564453125,,0.04711037470835622,-0.0107421875,1.9630882544824542,1.0,1.0
5,500,50,31,248,252,0.3628114154831657,0.5751953125,0.4301107414687195,0.0692687463776265,0.58349609375,0.059561625088511296,0.00998459804733107,33,0.58349609375,,0.06729932598555383,0.00830078125,1.7737935915921892,1.0,1.0
5,500,50,32,255,245,0.3628114154831657,0.5751953125,0.4677082874006726,0.07707663237757703,0.551513671875,0.055370460474035425,0.010089855137653527,25,0.551513671875,,0.1048968719175069,-0.023681640625,1.5329439465533596,1.0,1.0
5,500,50,33,235,265,0.3628114154831657,0.5751953125,0.34057348318168446,0.06565232685268439,0.531494140625,0.06484587555408021,0.0085253558699421,28,0.531494140625,,-0.022237932301481245,-0.043701171875,2.102493788187629,1.0,1.0
5,500,50,34,246,254,0.3628114154831657,0.5751953125,0.4233649454260123,0.06141857086174593,0.538818359375,0.0682346121316828,0.010682795813359439,34,0.538818359375,,0.06055352994284657,-0.036376953125,2.3279811463805973,1.0,1.0
5,500,50,35,236,264,0.3628114154831657,0.5751953125,0.4704380602467183,0.07635304742053778,0.567626953125,0.04591436358804457,0.011844941627411103,24,0.567626953125,,0.1076266447635526,-0.007568359375,1.0540643918475765,1.0,1.0
5,500,50,36,238,262,0.3628114154831657,0.5751953125,0.304330616425293,0.058786773006816395,0.455078125,0.05952438376935524,0.00947876523888691,28,0.455078125,,-0.05848079905787268,-0.1201171875,1.7715761315607408,1.0,0.0
5,500,50,37,252,248,0.3628114154831657,0.5751953125,0.39912984341692026,0.06524500387748214,0.530517578125,0.08168771928717157,0.00986322965877818,43,0.530517578125,,0.03631842793375456,-0.044677734375,3.336441741169871,1.0,1.0
5,500,50,38,258,242,0.3628114154831657,0.5751953125,0.4445523444028608,0.06300024526596752,0.54833984375,0.05782009951811427,0.009460235090671202,24,0.54833984375,,0.08174092891969509,-0.02685546875,1.671581954142319,1.0,1.0
5,500,50,39,263,237,0.3628114154831657,0.5751953125,0.4613895128271848,0.06848225575730582,0.538330078125,0.06920135876692243,0.010438554204312148,33,0.538330078125,,0.09857809734401912,-0.036865234375,2.394414027594156,1.0,1.0
5,500,50,40,246,254,0.3628114154831657,0.5751953125,0.5101355423012992,0.06447908678419614,0.59033203125,0.036016766108209496,0.010253593977026982,17,0.59033203125,,0.1473241268181335,0.01513671875,0.6486037204467341,0.0,1.0
5,500,50,41,240,260,0.3628114154831657,0.5751953125,0.5879401770499899,0.08214633796667019,0.73583984375,0.057166079228698125,0.010245239049968847,26,0.73583984375,,0.2251287615668242,0.16064453125,1.6339803071908956,0.0,0.0
5,500,50,42,256,244,0.3628114154831657,0.5751953125,0.5514256968587476,0.07840329773520456,0.5908203125,0.07437963488977777,0.0108393584360353,31,0.5908203125,,0.18861428137558195,0.015625,2.7661650431683227,0.0,1.0
5,500,50,43,255,245,0.3628114154831657,0.5751953125,0.5323620899734516,0.07324602181410961,0.594482421875,0.07110285108021908,0.01133714929088256,40,0.594482421875,,0.16955067449028588,0.019287109375,2.5278077158679055,0.0,1.0
5,500,50,44,254,246,0.3628114154831657,0.5751953125,0.4314996794169883,0.05918648589204665,0.5166015625,0.055601802478445886,0.011812710849395542,34,0.5166015625,,0.0686882639338226,-0.05859375,1.5457802194260555,1.0,1.0
5,500,50,45,244,256,0.3628114154831657,0.5751953125,0.6760409680010163,0.09117862764167729,0.6884765625,0.041171866503978756,0.011352629215118523,25,0.6884765625,,0.3132295525178506,0.11328125,0.8475612957107239,0.0,0.0
5,500,50,46,241,259,0.3628114154831657,0.5751953125,0.40395763541550367,0.06820244773032354,0.5146484375,0.07219616787835303,0.010513140818603535,32,0.5146484375,,0.04114621993233797,-0.060546875,2.6061433281596673,1.0,1.0
5,500,50,47,254,246,0.3628114154831657,0.5751953125,0.29729780617345725,0.05675276395571373,0.44140625,0.05651773014631472,0.0094778159146877,30,0.44140625,,-0.06551360930970845,-0.1337890625,1.5971269104458259,1.0,0.0
5,500,50,48,228,272,0.3628114154831657,0.5751953125,0.47937524110766094,0.06994125095783268,0.59033203125,0.0736429971435067,0.010268257307375605,35,0.59033203125,,0.11656382562449524,0.01513671875,2.7116455141392675,1.0,1.0
5,500,50,49,270,230,0.3628114154831657,0.5751953125,0.3707410194666124,0.062218362914072976,0.5478515625,0.08991485127166053,0.009062710939884233,45,0.5478515625,,0.00792960398344672,-0.02734375,4.042340239602417,1.0,1.0
5,1000,25,0,504,496,0.3628114154831657,0.5751953125,0.40976501887882094,0.05498778024696266,0.571533203125,0.07884298636643094,0.008286316352995178,48,0.571533203125,,0.04695360339565524,-0.003662109375,6.216216499177216,1.0,1.0
5,1000,25,1,478,522,0.3628114154831657,0.5751953125,0.32046059797909243,0.05690235945886121,0.58251953125,0.05582523522775951,0.006743430769755871,31,0.58251953125,,-0.04235081750407327,0.00732421875,3.1164568882346817,1.0,1.0
5,1000,25,2,516,484,0.3628114154831657,0.5751953125,0.3806361340675677,0.05704042775496813,0.620361328125,0.06001332760086104,0.008710930607324096,42,0.620361328125,,0.01782471858440199,0.045166015625,3.6015994897282697,1.0,1.0
5,1000,25,3,486,514,0.3628114154831657,0.5751953125,0.38309583802348457,0.04959701549133025,0.59130859375,0.04982609610278682,0.007517215597444185,27,0.59130859375,,0.02028442254031887,0.01611328125,2.482639852844148,1.0,1.0
5,1000,25,4,527,473,0.3628114154831657,0.5751953125,0.37272160536074,0.05548255720845696,0.5595703125,0.06984339371830708,0.008236374390682666,39,0.5595703125,,0.009910189877574305,-0.015625,4.878099646090457,1.0,1.0
5,1000,25,5,508,492,0.3628114154831657,0.5751953125,0.34243396910976204,0.05441757015291336,0.52685546875,0.04759768892994134,0.008438776945415637,32,0.52685546875,,-0.020377446373403663,-0.04833984375,2.26553999147146,1.0,1.0
5,1000,25,6,505,495,0.3628114154831657,0.5751953125,0.35990891855768087,0.05208008985655457,0.541259765625,0.05445111908739851,0.008178981195682439,38,0.541259765625,,-0.002902496925484832,-0.033935546875,2.9649243698700545,1.0,1.0
5,1000,25,7,512,488,0.3628114154831657,0.5751953125,0.3893642255657589,0.05564580416444882,0.570068359375,0.04791770634448173,0.007433987110424558,25,0.570068359375,,0.026552810082593192,-0.005126953125,2.296106581315985,1.0,1.0
5,1000,25,8,480,520,0.3628114154831657,0.5751953125,0.4329351377476468,0.055928446206005046,0.642333984375,0.05198532170645578,0.007444287332919381,28,0.642333984375,,0.0701237222644811,0.067138671875,2.702473672923702,1.0,1.0
5,1000,25,9,533,467,0.3628114154831657,0.5751953125,0.3935055850298134,0.04470550905872955,0.52197265625,0.038854238845527314,0.009074820212990985,27,0.52197265625,,0.03069416954664772,-0.05322265625,1.5096518762652837,1.0,1.0
5,1000,25,10,495,505,0.3628114154831657,0.5751953125,0.39169703015984914,0.05322795946958274,0.53955078125,0.048885826936090095,0.008353120760112177,30,0.53955078125,,0.028885614676683435,-0.03564453125,2.389824075225352,1.0,1.0
5,1000,25,11,513,487,0.3628114154831657,0.5751953125,0.4129038821192264,0.05911750810750824,0.65576171875,0.04755736240086652,0.008380426723948255,26,0.65576171875,,0.050092466636060706,0.08056640625,2.261702718527353,1.0,1.0
5,1000,25,12,496,504,0.3628114154831657,0.5751953125,0.37148109915242344,0.05045464050835901,0.551025390625,0.0516236227872853,0.008027216531383798,34,0.551025390625,,0.008669683669257744,-0.024169921875,2.664998429683922,1.0,1.0
5,1000,25,13,523,477,0.3628114154831657,0.5751953125,0.415443474997164,0.055077560484118,0.613525390625,0.05081188995197615,0.007924195169458947,32,0.613525390625,,0.0526320595139983,0.038330078125,2.581848160491735,1.0,1.0
5,1000,25,14,504,496,0.3628114154831657,0.5751953125,0.3613655830273136,0.05455378469077267,0.591552734375,0.04954143359488382,0.007299630734266089,28,0.591552734375,,-0.001445832455852114,0.016357421875,2.454353642636283,1.0,1.0
5,1000,25,15,497,503,0.3628114154831657,0.5751953125,0.38090936987105084,0.051385847091987714,0.61669921875,0.04538999740373048,0.007771902003192117,34,0.61669921875,,0.01809795438788514,0.04150390625,2.06025186431066,1.0,1.0
5,1000,25,16,510,490,0.3628114154831657,0.5751953125,0.3275053561019246,0.05002792880751412,0.5556640625,0.04745990056802677,0.00726401234868831,26,0.5556640625,,-0.035306059381241095,-0.01953125,2.2524421619269877,1.0,1.0
5,1000,25,17,474,526,0.3628114154831657,0.5751953125,0.422548782143634,0.05275414934667694,0.607666015625,0.04406589622385419,0.007947861978992192,28,0.607666015625,,0.059737366660468305,0.032470703125,1.941803210011487,1.0,1.0
5,1000,25,18,480,520,0.3628114154831657,0.5751953125,0.4520522363863685,0.05712687678278645,0.611083984375,0.05822664747812989,0.008658486846731856,40,0.611083984375,,0.08924082090320279,0.035888671875,3.39034247654241,1.0,1.0
5,1000,25,19,491,509,0.3628114154831657,0.5751953125,0.4634809248078292,0.05216587525068532,0.60546875,0.03554803385684023,0.00852815091881541,25,0.60546875,,0.10066950932466351,0.0302734375,1.2636627110870593,1.0,1.0
5,1000,25,20,490,510,0.3628114154831657,0.5751953125,0.3673832626438963,0.05419345299412561,0.593505859375,0.03704712247263755,0.007375316687220921,19,0.593505859375,,0.004571847160730613,0.018310546875,1.3724892835026061,1.0,1.0
5,1000,25,21,491,509,0.3628114154831657,0.5751953125,0.3929571033409981,0.05855439330470384,0.654052734375,0.06701100528053451,0.006831675934548482,31,0.654052734375,,0.030145687857832393,0.078857421875,4.490474828707824,1.0,1.0
5,1000,25,22,506,494,0.3628114154831657,0.5751953125,0.3999744906532502,0.053227942795520754,0.580322265625,0.029685988182285013,0.00868555452352219,19,0.580322265625,,0.03716307517008449,0.005126953125,0.8812578943587656,1.0,1.0
5,1000,25,23,507,493,0.3628114154831657,0.5751953125,0.2953348700611843,0.05369376286075508,0.565673828125,0.05112071183594927,0.0068556023064866205,28,0.565673828125,,-0.0674765454219814,-0.009521484375,2.6133271786141634,1.0,1.0
5,1000,25,24,490,510,0.3628114154831657,0.5751953125,0.41102918452443793,0.0499358099502261,0.59375,0.04705993957472521,0.008191314683315522,31,0.59375,,0.04821776904127223,0.0185546875,2.2146379127767877,1.0,1.0
5,1000,25,25,482,518,0.3628114154831657,0.5751953125,0.3954235874410439,0.05479094309015074,0.5927734375,0.06433225639231978,0.008149228235122728,35,0.5927734375,,0.03261217195787819,0.017578125,4.138639212527169,1.0,1.0
5,1000,25,26,507,493,0.3628114154831657,0.5751953125,0.4084884308571026,0.05561138621237076,0.571044921875,0.051077638378388704,0.009412086862583881,28,0.571044921875,,0.045677015373936924,-0.004150390625,2.608925142313447,1.0,1.0
5,1000,25,27,506,494,0.3628114154831657,0.5751953125,0.41984667810223286,0.05540545554786963,0.66259765625,0.04932173628661906,0.006635547893415014,21,0.66259765625,,0.05703526261906716,0.08740234375,2.4326336703267954,1.0,1.0
5,1000,25,28,481,519,0.3628114154831657,0.5751953125,0.45809477025625245,0.05185125268464217,0.60009765625,0.03139703251716614,0.008990447483610449,22,0.60009765625,,0.09528335477308675,0.02490234375,0.985773650883988,1.0,1.0
5,1000,25,29,482,518,0.3628114154831657,0.5751953125,0.4070120933616151,0.047804053712344516,0.55078125,0.050429389198666234,0.008637707630612439,36,0.55078125,,0.04420067787844939,-0.0244140625,2.5431232949505547,1.0,1.0
5,1000,25,30,500,500,0.3628114154831657,0.5751953125,0.3646652018813421,0.04957738771286323,0.582763671875,0.05295463977922037,0.00767588903436651,33,0.582763671875,,0.0018537863981764047,0.007568359375,2.804193874146988,1.0,1.0
5,1000,25,31,491,509,0.3628114154831657,0.5751953125,0.39153165999033346,0.055091795390500915,0.623779296875,0.05110242623861851,0.007961763804563421,32,0.623779296875,,0.028720244507167758,0.048583984375,2.611457967473446,1.0,1.0
5,1000,25,32,479,521,0.3628114154831657,0.5751953125,0.4050746738065184,0.06163956198929524,0.640625,0.03912488665727914,0.009317644636259267,25,0.640625,,0.042263258323352704,0.0654296875,1.530756755944939,1.0,1.0
5,1000,25,33,489,511,0.3628114154831657,0.5751953125,0.3888495580870668,0.05332751485648576,0.58349609375,0.048071039395077376,0.008060381127505841,24,0.58349609375,,0.026038142603901082,0.00830078125,2.3108248285230815,1.0,1.0
5,1000,25,34,485,515,0.3628114154831657,0.5751953125,0.2976256306272802,0.05724904691851192,0.5859375,0.06277908557344339,0.006811577608406182,28,0.5859375,,-0.0651857848558855,0.0107421875,3.9412135854377275,1.0,1.0
5,1000,25,35,512,488,0.3628114154831657,0.5751953125,0.41975597367368217,0.05571633948684544,0.587646484375,0.04501240672463818,0.008038629977645565,29,0.587646484375,,0.05694455819051647,0.012451171875,2.0261167591442524,1.0,1.0
5,1000,25,36,487,513,0.3628114154831657,0.5751953125,0.27837895145584884,0.049096178098195414,0.54052734375,0.07464471544673233,0.006277038236612108,32,0.54052734375,,-0.08443246402731686,-0.03466796875,5.57183354412364,1.0,1.0
5,1000,25,37,524,476,0.3628114154831657,0.5751953125,0.36158658395880183,0.04518403562152646,0.521728515625,0.05515290374746119,0.008652532963779234,36,0.521728515625,,-0.0012248315243638674,-0.053466796875,3.041842791776719,1.0,1.0
5,1000,25,38,514,486,0.3628114154831657,0.5751953125,0.43173760210946943,0.0619105182032961,0.68994140625,0.05122798355491928,0.007364819870830476,24,0.68994140625,,0.06892618662630373,0.11474609375,2.6243062991030803,1.0,0.0
5,1000,25,39,539,461,0.3628114154831657,0.5751953125,0.336568864164812,0.052158240321356276,0.56201171875,0.07321596920153214,0.0071117252580272,43,0.56201171875,,-0.02624255131835368,-0.01318359375,5.360578146119703,1.0,1.0
5,1000,25,40,482,518,0.3628114154831657,0.5751953125,0.3755920093579918,0.04929463146939129,0.5908203125,0.03816487662252303,0.008069325072965513,25,0.5908203125,,0.012780593874826107,0.015625,1.4565578076124046,1.0,1.0
5,1000,25,41,526,474,0.3628114154831657,0.5751953125,0.43759819118152743,0.05104918342217854,0.602294921875,0.04890002763331081,0.0077233679120710195,29,0.602294921875,,0.07478677569836173,0.027099609375,2.391212702538561,1.0,1.0
5,1000,25,42,503,497,0.3628114154831657,0.5751953125,0.45539105315311135,0.058634789009639345,0.60498046875,0.06735046446160607,0.008166472108463491,38,0.60498046875,,0.09257963766994565,0.02978515625,4.536085063194062,1.0,1.0
5,1000,25,43,470,530,0.3628114154831657,0.5751953125,0.34410338314986033,0.05120279665965489,0.582275390625,0.0436768046357728,0.008324187095036432,32,0.582275390625,,-0.01870803233330537,0.007080078125,1.9076632631914645,1.0,1.0
5,1000,25,44,493,507,0.3628114154831657,0.5751953125,0.45415523608568076,0.051831514238611605,0.598388671875,0.05258160349877277,0.009368094889597164,35,0.598388671875,,0.09134382060251506,0.023193359375,2.7648250265021526,1.0,1.0
5,1000,25,45,510,490,0.3628114154831657,0.5751953125,0.3839265873947998,0.059612857032192046,0.60595703125,0.06371392704080257,0.007391942453457313,38,0.60595703125,,0.02111517191163409,0.03076171875,4.059464498960714,1.0,1.0
5,1000,25,46,511,489,0.3628114154831657,0.5751953125,0.4148836042010574,0.06387242435692939,0.693603515625,0.062198538283945,0.006549319868306065,29,0.693603515625,,0.05207218871789171,0.118408203125,3.8686581646593714,1.0,1.0
5,1000,25,47,505,495,0.3628114154831657,0.5751953125,0.46353048941380526,0.05176742704683943,0.646240234375,0.04006842145907792,0.008062703300236654,27,0.646240234375,,0.10071907393063956,0.071044921875,1.605478398222296,1.0,1.0
5,1000,25,48,501,499,0.3628114154831657,0.5751953125,0.42478814663858483,0.05172897166341558,0.572998046875,0.057522137213768205,0.00846980839611783,36,0.572998046875,,0.06197673115541913,-0.002197265625,3.308796269639577,1.0,1.0
5,1000,25,49,506,494,0.3628114154831657,0.5751953125,0.3621901054790769,0.050179562014313735,0.551513671875,0.040934396352429285,0.008656897999288324,31,0.551513671875,,-0.0006213100040888264,-0.023681640625,1.675624804737776,1.0,1.0
5,1000,50,0,504,496,0.3628114154831657,0.5751953125,0.4675295358975824,0.049409329648166314,0.57861328125,0.04698826330339058,0.009317764865375187,32,0.57861328125,,0.1047181204144167,0.00341796875,2.207896888268762,0.0,1.0
5,1000,50,1,480,520,0.3628114154831657,0.5751953125,0.44293430169228953,0.04783158933018225,0.594482421875,0.0418566043361204,0.009615666119722923,23,0.594482421875,,0.08012288620912383,0.019287109375,1.7519753265505331,1.0,1.0
5,1000,50,2,496,504,0.3628114154831657,0.5751953125,0.3889060726565101,0.047646144171167915,0.520263671875,0.059638017713245735,0.008526969894693391,35,0.520263671875,,0.026094657173344415,-0.054931640625,3.556693156765412,1.0,1.0
5,1000,50,3,495,505,0.3628114154831657,0.5751953125,0.3694459038886143,0.04716925518767168,0.637939453125,0.054527979661201785,0.007161062352175941,31,0.637939453125,,0.006634488405448613,0.062744140625,2.973300565932435,1.0,1.0
5,1000,50,4,498,502,0.3628114154831657,0.5751953125,0.4007901905602934,0.04260765268673306,0.506103515625,0.057521855511352436,0.009424898100956503,35,0.506103515625,,0.03797877507712771,-0.069091796875,3.3087638614689068,1.0,1.0
5,1000,50,5,508,492,0.3628114154831657,0.5751953125,0.4069570511532722,0.05368905436057664,0.599365234375,0.05043315654018629,0.008262396990509648,26,0.599365234375,,0.04414563567010649,0.024169921875,2.543503278606935,1.0,1.0
5,1000,50,6,514,486,0.3628114154831657,0.5751953125,0.4411477512002777,0.04771747032661746,0.590576171875,0.04302452447597835,0.009609800364439909,30,0.590576171875,,0.07833633571711202,0.015380859375,1.85110970638406,1.0,1.0
5,1000,50,7,512,488,0.3628114154831657,0.5751953125,0.47164472642081595,0.050856875836546356,0.611328125,0.06596313034827338,0.008567095203758604,39,0.611328125,,0.10883331093765025,0.0361328125,4.351134565343304,0.0,1.0
5,1000,50,8,506,494,0.3628114154831657,0.5751953125,0.4022683320776189,0.0465718426595135,0.538818359375,0.05769560155902965,0.009694248343966858,43,0.538818359375,,0.03945691659445322,-0.036376953125,3.3287824392583043,1.0,1.0
5,1000,50,9,493,507,0.3628114154831657,0.5751953125,0.4571705574905619,0.05359320210347946,0.612548828125,0.06286600147476652,0.009685123249526938,39,0.612548828125,,0.0943591420073962,0.037353515625,3.9521341414253466,1.0,1.0
5,1000,50,10,484,516,0.3628114154831657,0.5751953125,0.37187005527888073,0.04447376449113598,0.546875,0.0537277961617744,0.008612822091112594,35,0.546875,,0.009058639795715029,-0.0283203125,2.88667608040118,1.0,1.0
5,1000,50,11,507,493,0.3628114154831657,0.5751953125,0.4714740199808938,0.05408912563451436,0.631103515625,0.05472469875697645,0.008714999296761594,36,0.631103515625,,0.10866260449772808,0.055908203125,2.9947926540418197,0.0,1.0
5,1000,50,12,498,502,0.3628114154831657,0.5751953125,0.4172488319485049,0.04769558208301494,0.570556640625,0.05638989533048612,0.007991491380380333,31,0.570556640625,,0.05443741646533917,-0.004638671875,3.1798202953831805,1.0,1.0
5,1000,50,13,473,527,0.3628114154831657,0.5751953125,0.3791098685576183,0.04986689128660757,0.58349609375,0.053511792639481366,0.008489058992513353,32,0.58349609375,,0.0162984530744526,0.00830078125,2.8635119514908522,1.0,1.0
5,1000,50,14,487,513,0.3628114154831657,0.5751953125,0.4135063565703963,0.04999858019007329,0.572265625,0.058892309742219866,0.008884012090762974,39,0.572265625,,0.050694941087230605,-0.0029296875,3.4683041467735647,1.0,1.0
5,1000,50,15,501,499,0.3628114154831657,0.5751953125,0.41689768250700415,0.047563742079915365,0.575927734375,0.052756507211045925,0.009457326081874235,39,0.575927734375,,0.05408626702383845,0.000732421875,2.7832490531091407,1.0,1.0
5,1000,50,16,511,489,0.3628114154831657,0.5751953125,0.4308422434701974,0.043356163380041626,0.558349609375,0.04980816653686193,0.010087295102483348,42,0.558349609375,,0.0680308279870317,-0.016845703125,2.4808534537637725,1.0,1.0
5,1000,50,17,518,482,0.3628114154831657,0.5751953125,0.4573214369146912,0.05269969458389805,0.58154296875,0.04649794311577731,0.010213258858283043,33,0.58154296875,,0.09451002143152548,0.00634765625,2.1620587139980625,1.0,1.0
5,1000,50,18,526,474,0.3628114154831657,0.5751953125,0.35802615965991197,0.04626831640608477,0.547119140625,0.04836039255040939,0.008591339113389634,31,0.547119140625,,-0.004785255823253731,-0.028076171875,2.3387275676296917,1.0,1.0
5,1000,50,19,496,504,0.3628114154831657,0.5751953125,0.38772521857902764,0.049323953726264816,0.595458984375,0.06033604586935436,0.007630228051138503,27,0.595458984375,,0.02491380309586194,0.020263671875,3.640438431148833,1.0,1.0
5,1000,50,20,495,505,0.3628114154831657,0.5751953125,0.36999579547345074,0.045908146266839936,0.5751953125,0.0540647536949159,0.007817556872649177,35,0.5751953125,,0.007184379990285039,0.0,2.922997592091923,1.0,1.0
5,1000,50,21,482,518,0.3628114154831657,0.5751953125,0.42816491236110993,0.05055432936050078,0.58544921875,0.05978381666901706,0.008064312468267278,33,0.58544921875,,0.06535349687794423,0.01025390625,3.5741047355146423,1.0,1.0
5,1000,50,22,502,498,0.3628114154831657,0.5751953125,0.3788765607653819,0.056435177862596046,0.61767578125,0.07419236301872811,0.0069009596982725265,32,0.61767578125,,0.016065145282216198,0.04248046875,5.504506730302735,1.0,1.0
5,1000,50,23,513,487,0.3628114154831657,0.5751953125,0.4356336321903207,0.04812830046509823,0.61376953125,0.06586411727493188,0.007358965113080995,32,0.61376953125,,0.072822216707155,0.03857421875,4.33808194440598,1.0,1.0
5,1000,50,24,494,506,0.3628114154831657,0.5751953125,0.5226015173749432,0.05003859502506181,0.618408203125,0.045022578834463506,0.009106750496145849,27,0.618408203125,,0.1597901018917775,0.043212890625,2.0270326049054814,0.0,1.0
5,1000,50,25,514,486,0.3628114154831657,0.5751953125,0.4635600874075604,0.04958275958973173,0.604736328125,0.05352349968849609,0.009240915982992417,31,0.604736328125,,0.10074867192439468,0.029541015625,2.864765018904441,0.0,1.0
5,1000,50,26,502,498,0.3628114154831657,0.5751953125,0.37129340122441135,0.0458951962503472,0.515869140625,0.06763865419966324,0.008540775430846487,36,0.515869140625,,0.008481985741245646,-0.059326171875,4.574987541941621,1.0,1.0
5,1000,50,27,499,501,0.3628114154831657,0.5751953125,0.40288930867965567,0.047690204138646164,0.592041015625,0.05706637409419706,0.008298681427553713,34,0.592041015625,,0.040077893196489967,0.016845703125,3.2565710522588454,1.0,1.0
5,1000,50,28,515,485,0.3628114154831657,0.5751953125,0.4140082098162618,0.050889243824371676,0.55322265625,0.048945752427540186,0.00942096607796739,36,0.55322265625,,0.051196794333096096,-0.02197265625,2.3956866806980557,1.0,1.0
5,1000,50,29,505,495,0.3628114154831657,0.5751953125,0.5054041041557145,0.053843299740450504,0.612548828125,0.04388214790315705,0.009868293480417848,28,0.612548828125,,0.14259268867254876,0.037353515625,1.925642904594551,0.0,1.0
5,1000,50,30,542,458,0.3628114154831657,0.5751953125,0.45724877540470243,0.047161234960902874,0.549560546875,0.041352450786206425,0.009269782797365152,31,0.549560546875,,0.09443735992153673,-0.025634765625,1.7100251860256244,0.0,1.0
5,1000,50,31,471,529,0.3628114154831657,0.5751953125,0.4397518266328668,0.04972862257834157,0.55322265625,0.049607203666171856,0.011250522791714209,43,0.55322265625,,0.07694041114970113,-0.02197265625,2.4608746555770544,1.0,1.0
5,1000,50,32,474,526,0.3628114154831657,0.5751953125,0.4234272901933015,0.05274117743481083,0.5654296875,0.06513204227672356,0.008910836438022134,47,0.5654296875,,0.0606158747101358,-0.009765625,4.242182931136905,1.0,1.0
5,1000,50,33,479,521,0.3628114154831657,0.5751953125,0.530632259279624,0.05286066928726165,0.606201171875,0.06689086879619506,0.00961883969890571,45,0.606201171875,,0.16782084379645829,0.031005859375,4.474388328309782,0.0,1.0
5,1000,50,34,475,525,0.3628114154831657,0.5751953125,0.4014057791767206,0.05643483556810265,0.589599609375,0.040215742572669896,0.009034647681289946,27,0.589599609375,,0.0385943636935549,0.014404296875,1.617305950671254,1.0,1.0
5,1000,50,35,506,494,0.3628114154831657,0.5751953125,0.4583695537493374,0.04818762268612378,0.586181640625,0.05241185720488363,0.008703093346365884,34,0.586181640625,,0.09555813826617171,0.010986328125,2.7470027756651123,0.0,1.0
5,1000,50,36,500,500,0.3628114154831657,0.5751953125,0.38378595090448775,0.05124162923893139,0.602783203125,0.07474670732209951,0.007738239489159577,38,0.602783203125,,0.02097453542132205,0.027587890625,5.587070255495604,1.0,1.0
5,1000,50,37,510,490,0.3628114154831657,0.5751953125,0.44003851616822115,0.05189449701038202,0.562744140625,0.04739704347913303,0.009934398248849044,33,0.562744140625,,0.07722710068505545,-0.012451171875,2.246479730562827,1.0,1.0
5,1000,50,38,488,512,0.3628114154831657,0.5751953125,0.4815581876354029,0.04887915493389054,0.6015625,0.03678780293457985,0.009142814716615249,23,0.6015625,,0.11874677215223722,0.0263671875,1.353342444753482,0.0,1.0
5,1000,50,39,504,496,0.3628114154831657,0.5751953125,0.4559028401248928,0.04995434173947189,0.61376953125,0.05407009448260213,0.008739162117473156,35,0.61376953125,,0.0930914246417271,0.03857421875,2.9235751173575215,1.0,1.0
5,1000,50,40,509,491,0.3628114154831657,0.5751953125,0.4753501027380779,0.048971803687294944,0.582763671875,0.04657690218326541,0.009012816550881689,32,0.582763671875,,0.11253868725491217,0.007568359375,2.1694078169894744,0.0,1.0
5,1000,50,41,507,493,0.3628114154831657,0.5751953125,0.3515381577406111,0.042413544508311585,0.52490234375,0.059554946667591986,0.007830314588078032,34,0.52490234375,,-0.01127325774255461,-0.05029296875,3.546791672579726,1.0,1.0
5,1000,50,42,494,506,0.3628114154831657,0.5751953125,0.4320886153006748,0.05365348546178019,0.6328125,0.038763621327587865,0.008487662072835637,23,0.6328125,,0.06927719981750913,0.0576171875,1.502618338428625,1.0,1.0
5,1000,50,43,503,497,0.3628114154831657,0.5751953125,0.42653166158072864,0.053052852255704414,0.615478515625,0.05513407490965234,0.009056011011576411,42,0.615478515625,,0.06372024609756294,0.040283203125,3.0397662161431556,1.0,1.0
5,1000,50,44,469,531,0.3628114154831657,0.5751953125,0.3207402516835218,0.04676965142268664,0.548095703125,0.057744545574776415,0.00809521903784727,31,0.548095703125,,-0.042071163799643874,-0.027099609375,3.3344325436374307,1.0,1.0
5,1000,50,45,489,511,0.3628114154831657,0.5751953125,0.39472114864311103,0.04722482296109793,0.552001953125,0.0708274221786929,0.00913952651097054,51,0.552001953125,,0.03190973315994533,-0.023193359375,5.016523732478798,1.0,1.0
5,1000,50,46,530,470,0.3628114154831657,0.5751953125,0.4601865635649226,0.05137425884757083,0.622314453125,0.04637214966314617,0.009280762052966645,35,0.622314453125,,0.0973751480817569,0.047119140625,2.1503762643812276,1.0,1.0
5,1000,50,47,520,480,0.3628114154831657,0.5751953125,0.39273243640028743,0.046550513984941866,0.546630859375,0.05920239010681419,0.008498820150105965,39,0.546630859375,,0.029921020917121732,-0.028564453125,3.5049229943594105,1.0,1.0
5,1000,50,48,487,513,0.3628114154831657,0.5751953125,0.4339435721590381,0.047985396567808654,0.505126953125,0.057875688674339634,0.009369788882413757,47,0.505126953125,,0.07113215667587242,-0.070068359375,3.3495953395290847,1.0,1.0
5,1000,50,49,509,491,0.3628114154831657,0.5751953125,0.41043667984638277,0.054185343950370245,0.5986328125,0.05273475778205779,0.00795731234520845,27,0.5986328125,,0.04762526436321707,0.0234375,2.7809546783323045,1.0,1.0
