dim,rep,V_true,V_rf,V_se,h_rmse_rf,h_rmse_gbm,V_gbm,V_dml,corr,V_rf_dev,V_rf_cover,V_gbm_dev,V_gbm_cover,V_dml_dev,V_dml_cover
10,0,0.5839996337890625,0.5859375,0.03335430421117514,0.6283115761048763,0.5778895106459859,0.58349609375,0.6429926618917226,0.0594965681417225,0.0019378662109375,1.0,-0.0005035400390625,1.0,0.05899302810266005,1.0
10,1,0.5839996337890625,0.5787353515625,0.03497207146390867,0.5345287514516806,0.5746810821447345,0.575927734375,0.4365724892260619,-0.1393552451489381,-0.0052642822265625,1.0,-0.0080718994140625,1.0,-0.1474271445630006,0.0
10,2,0.5839996337890625,0.6033935546875,0.029866730806001416,0.5875506542681646,0.5591078431795808,0.6116943359375,0.5933813874137079,-0.01831294852379205,0.0193939208984375,1.0,0.0276947021484375,1.0,0.00938175362464544,1.0
10,3,0.5839996337890625,0.5814208984375,0.033835631500326264,0.5483026943669568,0.5821331272036755,0.5892333984375,0.5049170152695278,-0.08431638316797216,-0.0025787353515625,1.0,0.0052337646484375,1.0,-0.07908261851953469,0.0
10,4,0.5839996337890625,0.5833740234375,0.028859515712095735,0.6357969069012842,0.5761858942957214,0.6025390625,0.6414035465577707,0.03886448405777067,-0.0006256103515625,1.0,0.0185394287109375,1.0,0.057403912768708154,0.0
10,5,0.5839996337890625,0.56298828125,0.028181396921607607,0.652702097127078,0.581898621318747,0.5653076171875,0.5302518622071838,-0.03505575498031626,-0.0210113525390625,1.0,-0.0186920166015625,1.0,-0.05374777158187871,1.0
10,6,0.5839996337890625,0.591796875,0.03521553739414229,0.5297368887270819,0.5724542247028492,0.607421875,0.5801452095923314,-0.027276665407668627,0.0077972412109375,1.0,0.0234222412109375,1.0,-0.003854424196731099,1.0
10,7,0.5839996337890625,0.6015625,0.03352082139027396,0.5775830688825846,0.5619139477988113,0.6220703125,0.6111770317684883,-0.010893280731511752,0.0175628662109375,1.0,0.0380706787109375,1.0,0.027177397979425755,1.0
10,8,0.5839996337890625,0.587646484375,0.036744523476663356,0.5456478009496318,0.5751648769027145,0.6021728515625,0.5074569304002297,-0.0947159211622703,0.0036468505859375,1.0,0.0181732177734375,1.0,-0.07654270338883284,0.0
10,9,0.5839996337890625,0.6053466796875,0.031612527432634,0.6438107894071343,0.5927967928849259,0.60498046875,0.5982178341755408,-0.006762634574459279,0.0213470458984375,1.0,0.0209808349609375,1.0,0.014218200386478252,1.0
10,10,0.5839996337890625,0.593017578125,0.0340725856812395,0.5584309123493824,0.5681147595659212,0.604736328125,0.6983580798423858,0.0936217517173859,0.0090179443359375,1.0,0.0207366943359375,1.0,0.11435844605332335,0.0
10,11,0.5839996337890625,0.573974609375,0.03527723543644548,0.5530766302271879,0.5832228060182838,0.5670166015625,0.495246092466487,-0.07177050909601304,-0.0100250244140625,1.0,-0.0169830322265625,1.0,-0.08875354132257551,0.0
10,12,0.5839996337890625,0.5911865234375,0.03486260943915499,0.568736096779453,0.6083386674480699,0.5828857421875,0.5997976465078405,0.016911904320340454,0.0071868896484375,1.0,-0.0011138916015625,1.0,0.01579801271877801,1.0
10,13,0.5839996337890625,0.579833984375,0.034237474898418815,0.5369161726259255,0.5794889724275178,0.5782470703125,0.5429766108790335,-0.03527045943346652,-0.0041656494140625,1.0,-0.0057525634765625,1.0,-0.04102302291002902,1.0
10,14,0.5839996337890625,0.5609130859375,0.03442516930839532,0.6206503280177568,0.5955809442911975,0.5479736328125,0.5976417243552417,0.04966809154274165,-0.0230865478515625,1.0,-0.0360260009765625,1.0,0.013642090566179155,1.0
10,15,0.5839996337890625,0.5892333984375,0.033293406032804417,0.516851866972225,0.5819502299790354,0.617919921875,0.6581830586271049,0.04026313675210486,0.0052337646484375,1.0,0.0339202880859375,1.0,0.07418342483804241,0.0
10,16,0.5839996337890625,0.60888671875,0.034380353959039246,0.5906687995937097,0.5759613790792465,0.62939453125,0.6061035950552484,-0.023290936194751623,0.0248870849609375,1.0,0.0453948974609375,1.0,0.022103961266185856,1.0
10,17,0.5839996337890625,0.5894775390625,0.034829113961324605,0.5315480754160703,0.5714164643120927,0.614013671875,0.6344935619170855,0.020479890042085475,0.0054779052734375,1.0,0.0300140380859375,1.0,0.050493928128023,1.0
10,18,0.5839996337890625,0.5648193359375,0.03607409324472402,0.59064497045374,0.6032694716719744,0.5916748046875,0.5483260045738453,-0.043348800113654676,-0.0191802978515625,1.0,0.0076751708984375,1.0,-0.03567362921521722,1.0
10,19,0.5839996337890625,0.6302490234375,0.03719223603896271,0.6003384406317835,0.5762376584956811,0.638916015625,0.5245005313600224,-0.11441548426497763,0.0462493896484375,1.0,0.0549163818359375,1.0,-0.05949910242904011,1.0
10,20,0.5839996337890625,0.58349609375,0.04135508435499076,0.5588230736980967,0.5806040078312038,0.5933837890625,0.6550846519174628,0.06170086285496283,-0.0005035400390625,1.0,0.0093841552734375,1.0,0.07108501812840029,1.0
10,21,0.5839996337890625,0.5968017578125,0.030649307450125927,0.5353801042613048,0.5436237498967195,0.6182861328125,0.5878325965152991,-0.03045353629720088,0.0128021240234375,1.0,0.0342864990234375,1.0,0.003832962726236566,1.0
10,22,0.5839996337890625,0.6070556640625,0.03283764197163257,0.5488103157996118,0.5715185086782221,0.60595703125,0.6241279827682802,0.018170951518280215,0.0230560302734375,1.0,0.0219573974609375,1.0,0.04012834897921769,1.0
10,23,0.5839996337890625,0.60888671875,0.03297142076213151,0.5038134320521513,0.5705800004997768,0.611572265625,0.5171221663879589,-0.09445009923704106,0.0248870849609375,1.0,0.0275726318359375,1.0,-0.06687746740110356,0.0
10,24,0.5839996337890625,0.6202392578125,0.03382854693690682,0.6032994083156887,0.5741624714076102,0.614990234375,0.5858150443631729,-0.0291751900118271,0.0362396240234375,1.0,0.0309906005859375,1.0,0.0018154105741103876,1.0
10,25,0.5839996337890625,0.5863037109375,0.0366177221230569,0.5870415573278314,0.5765525925116181,0.625,0.6419168531778923,0.016916853177892315,0.0023040771484375,1.0,0.0410003662109375,1.0,0.057917219388829766,1.0
10,26,0.5839996337890625,0.56884765625,0.030179199840309295,0.6135711063248982,0.5928210413741244,0.5584716796875,0.6628864275961024,0.10441474790860245,-0.0151519775390625,1.0,-0.0255279541015625,1.0,0.07888679380703989,0.0
10,27,0.5839996337890625,0.612060546875,0.028388321851168713,0.579359169783563,0.55675969640307,0.6207275390625,0.5282837355397947,-0.09244380352270529,0.0280609130859375,1.0,0.0367279052734375,1.0,-0.055715898249267815,0.0
10,28,0.5839996337890625,0.58349609375,0.04062414458560142,0.5758544398327697,0.6052819507820251,0.6024169921875,0.6042934052823935,0.0018764130948935517,-0.0005035400390625,1.0,0.0184173583984375,1.0,0.020293771493331003,1.0
10,29,0.5839996337890625,0.5950927734375,0.040141778059584174,0.5628522433360202,0.5687918163391127,0.6097412109375,0.6430902051667204,0.033348994229220455,0.0110931396484375,1.0,0.0257415771484375,1.0,0.05909057137765794,1.0
10,30,0.5839996337890625,0.6153564453125,0.028965436617496093,0.574546773313846,0.6041128745379147,0.6258544921875,0.6470755542600274,0.021221062072527337,0.0313568115234375,1.0,0.0418548583984375,1.0,0.06307592047096489,0.0
10,31,0.5839996337890625,0.5831298828125,0.03287514522126876,0.5941931122271534,0.5839088127088525,0.5821533203125,0.5897448773197006,0.007591557007200559,-0.0008697509765625,1.0,-0.0018463134765625,1.0,0.0057452435306381,1.0
10,32,0.5839996337890625,0.5882568359375,0.034364811630114664,0.5855065622871788,0.6031057448414485,0.598388671875,0.5312319924106766,-0.06715667946432333,0.0042572021484375,1.0,0.0143890380859375,1.0,-0.052767641378385854,1.0
10,33,0.5839996337890625,0.5948486328125,0.029425690580121653,0.6178838869287884,0.5852693410109764,0.5972900390625,0.591365403938913,-0.005924635123586975,0.0108489990234375,1.0,0.0132904052734375,1.0,0.007365770149850515,1.0
10,34,0.5839996337890625,0.6173095703125,0.032572568114514186,0.5803079530625493,0.5842233769802311,0.6220703125,0.6003587209848801,-0.021711591515119935,0.0333099365234375,1.0,0.0380706787109375,1.0,0.01635908719581758,1.0
10,35,0.5839996337890625,0.594970703125,0.030369948344833097,0.5631378842990328,0.600884511365163,0.60693359375,0.652242169841911,0.045308576091911024,0.0109710693359375,1.0,0.0229339599609375,1.0,0.06824253605284847,0.0
10,36,0.5839996337890625,0.5950927734375,0.036605502519062624,0.5606395163324389,0.5742152196013869,0.58984375,0.497709477537431,-0.09213427246256897,0.0110931396484375,1.0,0.0058441162109375,1.0,-0.0862901562516315,0.0
10,37,0.5839996337890625,0.5811767578125,0.03421742782187503,0.6351343565924645,0.5787216410709867,0.590087890625,0.6115999288467029,0.021512038221702896,-0.0028228759765625,1.0,0.0060882568359375,1.0,0.02760029505764039,1.0
10,38,0.5839996337890625,0.625732421875,0.029974034619367262,0.6134683267336963,0.614057399597508,0.6156005859375,0.6077781222714553,-0.007822463666044645,0.0417327880859375,1.0,0.0316009521484375,1.0,0.023778488482392834,1.0
10,39,0.5839996337890625,0.5772705078125,0.039788464979018785,0.5948303495240782,0.5932548373354631,0.583251953125,0.6199138298828092,0.03666187675780916,-0.0067291259765625,1.0,-0.0007476806640625,1.0,0.035914196093746686,1.0
10,40,0.5839996337890625,0.6124267578125,0.03604931243020421,0.6319687521449184,0.5846352227265592,0.615966796875,0.6232683746745104,0.007301577799510319,0.0284271240234375,1.0,0.0319671630859375,1.0,0.03926874088544785,1.0
10,41,0.5839996337890625,0.5755615234375,0.032086565756418384,0.5716982643760595,0.594975541376052,0.5938720703125,0.6336723869293083,0.03980031661680823,-0.0084381103515625,1.0,0.0098724365234375,1.0,0.04967275314024577,1.0
10,42,0.5839996337890625,0.62060546875,0.041966738508740324,0.6326651818603085,0.569316467520907,0.6226806640625,0.6735982853259834,0.05091762126348347,0.0366058349609375,1.0,0.0386810302734375,1.0,0.08959865153692093,0.0
10,43,0.5839996337890625,0.591552734375,0.033255061173222335,0.5674701910246219,0.5780489772347008,0.6158447265625,0.6603395045201768,0.04449477795767681,0.0075531005859375,1.0,0.0318450927734375,1.0,0.07633987073111426,0.0
10,44,0.5839996337890625,0.5892333984375,0.027965301833185872,0.5776667510204353,0.5866812562860163,0.614013671875,0.6610012914405904,0.04698761956559038,0.0052337646484375,1.0,0.0300140380859375,1.0,0.07700165765152789,0.0
10,45,0.5839996337890625,0.5872802734375,0.04090751605584975,0.5673120463058412,0.560376186037374,0.6055908203125,0.5649446444906503,-0.04064617582184976,0.0032806396484375,1.0,0.0215911865234375,1.0,-0.019054989298412206,1.0
10,46,0.5839996337890625,0.6116943359375,0.028786383918823783,0.5582219858714845,0.5818504839709356,0.60888671875,0.5758192819283382,-0.03306743682166182,0.0276947021484375,1.0,0.0248870849609375,1.0,-0.0081803518607243,1.0
10,47,0.5839996337890625,0.5667724609375,0.03466083907663768,0.527069062344521,0.5372682436185958,0.57958984375,0.5872123192863201,0.007622475536320136,-0.0172271728515625,1.0,-0.0044097900390625,1.0,0.003212685497257617,1.0
10,48,0.5839996337890625,0.589111328125,0.035785511904845926,0.6083268314591638,0.5957191817825063,0.6046142578125,0.5508237563237323,-0.053790501488767746,0.0051116943359375,1.0,0.0206146240234375,1.0,-0.03317587746533024,1.0
10,49,0.5839996337890625,0.61962890625,0.039314343845778615,0.5669484495645729,0.5760034897452824,0.6085205078125,0.721839387711019,0.11331887989851891,0.0356292724609375,1.0,0.0245208740234375,1.0,0.13783975392195646,0.0
10,50,0.5839996337890625,0.562744140625,0.0324420254412636,0.5443019098421505,0.5434385990739995,0.55859375,0.4433968402260863,-0.11519690977391372,-0.0212554931640625,1.0,-0.0254058837890625,1.0,-0.14060279356297622,0.0
10,51,0.5839996337890625,0.58056640625,0.028349622923174243,0.5982275573264534,0.5761813003434144,0.5902099609375,0.5364689392630125,-0.05374102167448747,-0.0034332275390625,1.0,0.0062103271484375,1.0,-0.047530694526049966,1.0
10,52,0.5839996337890625,0.6142578125,0.028839724592116676,0.6333872010573846,0.5630462135364446,0.6048583984375,0.7546305931154956,0.14977219467799563,0.0302581787109375,1.0,0.0208587646484375,1.0,0.17063095932643313,0.0
10,53,0.5839996337890625,0.6068115234375,0.032729793274837306,0.5865477898888172,0.5839823038689114,0.5950927734375,0.650997838955759,0.05590506551825899,0.0228118896484375,1.0,0.0110931396484375,1.0,0.06699820516669652,0.0
10,54,0.5839996337890625,0.601806640625,0.03591751874920109,0.5762573489605674,0.5736448462303688,0.60791015625,0.5931272657859685,-0.014782890464031504,0.0178070068359375,1.0,0.0239105224609375,1.0,0.009127631996906027,1.0
10,55,0.5839996337890625,0.59326171875,0.03184266756659481,0.5774173803821315,0.5827754211334972,0.581787109375,0.6447618041474023,0.06297469477240226,0.0092620849609375,1.0,-0.0022125244140625,1.0,0.06076217035833975,1.0
10,56,0.5839996337890625,0.5814208984375,0.03700535589880025,0.6018897995627822,0.5884686342862648,0.6029052734375,0.5677848048351106,-0.035120468602389425,-0.0025787353515625,1.0,0.0189056396484375,1.0,-0.016214828953951876,1.0
10,57,0.5839996337890625,0.578857421875,0.029171779380921057,0.6005133492353013,0.5805335683818191,0.564208984375,0.6165814972190811,0.0523725128440811,-0.0051422119140625,1.0,-0.0197906494140625,1.0,0.032581863430018565,1.0
10,58,0.5839996337890625,0.5579833984375,0.03138115195351204,0.5805164417974269,0.5897015037092238,0.5875244140625,0.5142003869289467,-0.07332402713355338,-0.0260162353515625,1.0,0.0035247802734375,1.0,-0.06979924686011585,0.0
10,59,0.5839996337890625,0.5626220703125,0.03697293509033574,0.5976028666429027,0.6248202272976995,0.5628662109375,0.48590108834628537,-0.07696512259121464,-0.0213775634765625,1.0,-0.0211334228515625,1.0,-0.09809854544277713,0.0
10,60,0.5839996337890625,0.6019287109375,0.03712751990881934,0.5777552372559276,0.5762867316929592,0.60009765625,0.5303568766567808,-0.0697407795932192,0.0179290771484375,1.0,0.0160980224609375,1.0,-0.053642757132281726,1.0
10,61,0.5839996337890625,0.6343994140625,0.03579386956938472,0.5365287515049518,0.5846921163787602,0.6181640625,0.5737948359804591,-0.04436922651954089,0.0503997802734375,1.0,0.0341644287109375,1.0,-0.010204797808603394,1.0
10,62,0.5839996337890625,0.6051025390625,0.03592786915818806,0.5972264701137819,0.5707615029404639,0.6331787109375,0.6499995480743009,0.016820837136800937,0.0211029052734375,1.0,0.0491790771484375,1.0,0.06599991428523844,1.0
10,63,0.5839996337890625,0.5499267578125,0.041025326263881286,0.5841844801669314,0.5869680632762764,0.5682373046875,0.5795430006263322,0.011305695938832214,-0.0340728759765625,1.0,-0.0157623291015625,1.0,-0.004456633162730261,1.0
10,64,0.5839996337890625,0.6075439453125,0.03196505536267475,0.6098473495860637,0.5958747709209261,0.597412109375,0.608895945589454,0.01148383621445398,0.0235443115234375,1.0,0.0134124755859375,1.0,0.024896311800391535,1.0
10,65,0.5839996337890625,0.5811767578125,0.030981689362757102,0.557533580696603,0.554564165871844,0.5865478515625,0.48727731117857576,-0.09927054038392424,-0.0028228759765625,1.0,0.0025482177734375,1.0,-0.09672232261048674,0.0
10,66,0.5839996337890625,0.5906982421875,0.036273089474319474,0.5364969285321145,0.5758368169825234,0.5869140625,0.5317474678657383,-0.055166594634261656,0.0066986083984375,1.0,0.0029144287109375,1.0,-0.052252165923324156,1.0
10,67,0.5839996337890625,0.620849609375,0.03532675836210941,0.5974802027413294,0.5796449735192967,0.640380859375,0.6072127986356168,-0.03316806073938316,0.0368499755859375,1.0,0.0563812255859375,1.0,0.023213164846554335,1.0
10,68,0.5839996337890625,0.5919189453125,0.033802119806155335,0.5473883555575312,0.561395462083244,0.6077880859375,0.5627932871216266,-0.04499479881587337,0.0079193115234375,1.0,0.0237884521484375,1.0,-0.021206346667435927,1.0
10,69,0.5839996337890625,0.5560302734375,0.03491738545805375,0.5831953353113688,0.5721968439830216,0.568359375,0.6098002888014102,0.0414409138014102,-0.0279693603515625,1.0,-0.0156402587890625,1.0,0.02580065501234774,1.0
10,70,0.5839996337890625,0.6142578125,0.030179206242447455,0.590063855052785,0.5848074092223866,0.599609375,0.614166406754282,0.014557031754282005,0.0302581787109375,1.0,0.0156097412109375,1.0,0.030166772965219524,1.0
10,71,0.5839996337890625,0.598388671875,0.03551235332957951,0.6175924370918892,0.5801485278919333,0.5712890625,0.6932907463903044,0.12200168389030447,0.0143890380859375,1.0,-0.0127105712890625,1.0,0.10929111260124191,0.0
10,72,0.5839996337890625,0.629150390625,0.032089343939109276,0.5629390141670265,0.5805630013655838,0.6168212890625,0.5528049733821199,-0.06401631568038015,0.0451507568359375,1.0,0.0328216552734375,1.0,-0.03119466040694263,1.0
10,73,0.5839996337890625,0.59765625,0.030894286423833992,0.5477250752361256,0.5832437296423998,0.592041015625,0.5675918762846383,-0.02444913934036173,0.0136566162109375,1.0,0.0080413818359375,1.0,-0.016407757504424247,1.0
10,74,0.5839996337890625,0.5643310546875,0.027376728243282827,0.584922224240232,0.5853305408548497,0.58984375,0.6857561984830953,0.09591244848309535,-0.0196685791015625,1.0,0.0058441162109375,1.0,0.10175656469403283,0.0
10,75,0.5839996337890625,0.600830078125,0.03479188586528161,0.510493586618103,0.537533661222685,0.5865478515625,0.6778283084762763,0.09128045691377631,0.0168304443359375,1.0,0.0025482177734375,1.0,0.09382867468721379,0.0
10,76,0.5839996337890625,0.5753173828125,0.04183881658294167,0.4634473828224979,0.5422363982407685,0.5927734375,0.6085227949401923,0.01574935744019238,-0.0086822509765625,1.0,0.0087738037109375,1.0,0.024523161151129846,1.0
10,77,0.5839996337890625,0.6419677734375,0.029048154510783117,0.5342970641486051,0.5833623522138531,0.6260986328125,0.7030863546816222,0.07698772186912217,0.0579681396484375,0.0,0.0420989990234375,1.0,0.11908672089255967,0.0
10,78,0.5839996337890625,0.580810546875,0.02802934196963143,0.603420143035546,0.6187921249446013,0.60107421875,0.6510698575520519,0.04999563880205191,-0.0031890869140625,1.0,0.0170745849609375,1.0,0.06707022376298943,0.0
10,79,0.5839996337890625,0.5894775390625,0.033886804421475715,0.5815670462456464,0.5559792560038348,0.5830078125,0.5639712560313709,-0.019036556468629146,0.0054779052734375,1.0,-0.0009918212890625,1.0,-0.020028377757691618,1.0
10,80,0.5839996337890625,0.6014404296875,0.028723459223792394,0.588794782807357,0.5411026545651578,0.60693359375,0.6446570891246891,0.03772349537468906,0.0174407958984375,1.0,0.0229339599609375,1.0,0.06065745533562661,0.0
10,81,0.5839996337890625,0.6287841796875,0.03624190540586148,0.596970860185055,0.5546784055131795,0.6002197265625,0.6156817674244547,0.015462040861954737,0.0447845458984375,1.0,0.0162200927734375,1.0,0.031682133635392185,1.0
10,82,0.5839996337890625,0.57080078125,0.030763340627812486,0.6471372900679182,0.6145661285137499,0.59130859375,0.5724652989276586,-0.01884329482234138,-0.0131988525390625,1.0,0.0073089599609375,1.0,-0.011534334861403872,1.0
10,83,0.5839996337890625,0.580322265625,0.027066917765404302,0.5169861534763599,0.574580885352766,0.5689697265625,0.531697109933,-0.03727261662949995,-0.0036773681640625,1.0,-0.0150299072265625,1.0,-0.05230252385606249,1.0
10,84,0.5839996337890625,0.5980224609375,0.03564342238417609,0.5486171257702268,0.5878084143839425,0.602294921875,0.5832800771982845,-0.01901484467671557,0.0140228271484375,1.0,0.0182952880859375,1.0,-0.0007195565907780477,1.0
10,85,0.5839996337890625,0.58447265625,0.030558827796366147,0.5685563874391459,0.5874289947933558,0.59326171875,0.5960253803610486,0.0027636616110485734,0.0004730224609375,1.0,0.0092620849609375,1.0,0.012025746571986073,1.0
10,86,0.5839996337890625,0.60205078125,0.0405960755357664,0.5982689824644019,0.596716359263204,0.611083984375,0.6791517410418249,0.06806775666682481,0.0180511474609375,1.0,0.0270843505859375,1.0,0.09515210725276235,0.0
10,87,0.5839996337890625,0.5989990234375,0.03533999251425126,0.5528647146110207,0.5818157718344188,0.5743408203125,0.5666930559359342,-0.007647764376565728,0.0149993896484375,1.0,-0.0096588134765625,1.0,-0.01730657785312828,1.0
10,88,0.5839996337890625,0.58544921875,0.03588387547414375,0.6171649892667752,0.6045547285328442,0.5771484375,0.6234696047322914,0.046321167232291356,0.0014495849609375,1.0,-0.0068511962890625,1.0,0.039469970943228905,1.0
10,89,0.5839996337890625,0.611328125,0.0332204885603157,0.6396719038052169,0.566586828482797,0.6014404296875,0.6173662380951538,0.015925808407653737,0.0273284912109375,1.0,0.0174407958984375,1.0,0.033366604306091285,1.0
10,90,0.5839996337890625,0.5888671875,0.03270241825189863,0.5220251411030224,0.5810422343987933,0.5885009765625,0.5582934983893717,-0.030207478173128306,0.0048675537109375,1.0,0.0045013427734375,1.0,-0.0257061353996908,1.0
10,91,0.5839996337890625,0.607666015625,0.03548282934695605,0.5836943357127797,0.5502214084027856,0.592529296875,0.5168786675194772,-0.07565062935552275,0.0236663818359375,1.0,0.0085296630859375,1.0,-0.0671209662695853,1.0
10,92,0.5839996337890625,0.5906982421875,0.03790871059919934,0.6122600281297209,0.5798955698641766,0.5943603515625,0.5683575299814508,-0.026002821581049156,0.0066986083984375,1.0,0.0103607177734375,1.0,-0.015642103807611663,1.0
10,93,0.5839996337890625,0.596923828125,0.033129701125145246,0.6438079888577954,0.5546787375794396,0.5789794921875,0.6660022320594555,0.08702273987195552,0.0129241943359375,1.0,-0.0050201416015625,1.0,0.08200259827039302,0.0
10,94,0.5839996337890625,0.6151123046875,0.03425938304765822,0.6293091526234108,0.5936678015266744,0.6099853515625,0.6347311645660064,0.02474581300350641,0.0311126708984375,1.0,0.0259857177734375,1.0,0.05073153077694392,1.0
10,95,0.5839996337890625,0.585205078125,0.029798792226348635,0.5999425825512118,0.5937408739281026,0.5867919921875,0.7042969819233584,0.11750498973585848,0.0012054443359375,1.0,0.0027923583984375,1.0,0.12029734813429593,0.0
10,96,0.5839996337890625,0.6219482421875,0.03364634232468931,0.5470516970931119,0.5680223754515351,0.625732421875,0.6099638029075075,-0.01576861896749248,0.0379486083984375,1.0,0.0417327880859375,1.0,0.025964169118445013,1.0
10,97,0.5839996337890625,0.6097412109375,0.033754385965938244,0.5541145176578027,0.6223833005117922,0.6248779296875,0.49412703136667013,-0.13075089832082987,0.0257415771484375,1.0,0.0408782958984375,1.0,-0.08987260242239237,0.0
10,98,0.5839996337890625,0.597900390625,0.03257736636059128,0.5225480897909002,0.5323273065085993,0.5950927734375,0.6162253864158486,0.021132612978348564,0.0139007568359375,1.0,0.0110931396484375,1.0,0.032225752626786064,1.0
10,99,0.5839996337890625,0.5877685546875,0.03391477247242544,0.5868160214802424,0.565257662853237,0.607421875,0.5263391847832004,-0.0810826902167996,0.0037689208984375,1.0,0.0234222412109375,1.0,-0.05766044900586209,1.0
50,0,0.58599853515625,0.559326171875,0.03320474829059883,0.555271474076767,0.5973208425339936,0.667724609375,0.5686163689924865,-0.09910824038251351,-0.02667236328125,1.0,0.08172607421875,0.0,-0.017382166163763535,1.0
50,1,0.58599853515625,0.5928955078125,0.028292331674842765,0.6151284506538299,0.6377713878570708,0.6986083984375,0.5227963251364833,-0.1758120733010166,0.00689697265625,1.0,0.11260986328125,0.0,-0.06320221001976667,0.0
50,2,0.58599853515625,0.58984375,0.03259074327632319,0.554771908114663,0.6065867402696146,0.70068359375,0.6455320186401867,-0.0551515751098133,0.00384521484375,1.0,0.11468505859375,0.0,0.05953348348393672,1.0
50,3,0.58599853515625,0.6181640625,0.033265740993425476,0.5931559918032586,0.6272227010282644,0.7073974609375,0.611633442341394,-0.095764018596106,0.03216552734375,1.0,0.12139892578125,0.0,0.02563490718514405,1.0
50,4,0.58599853515625,0.580322265625,0.036388731589387435,0.6095834454721915,0.6154133270289762,0.6849365234375,0.667561001885121,-0.017375521552378932,-0.00567626953125,1.0,0.09893798828125,0.0,0.08156246672887102,0.0
50,5,0.58599853515625,0.6007080078125,0.032655761411232276,0.5967418904500323,0.6143279015346697,0.721435546875,0.6578160995155267,-0.06361944735947328,0.01470947265625,1.0,0.13543701171875,0.0,0.07181756435927666,0.0
50,6,0.58599853515625,0.6031494140625,0.03628242061727888,0.6195668948447677,0.615044142261341,0.7130126953125,0.7973987718643959,0.0843860765518959,0.01715087890625,1.0,0.12701416015625,0.0,0.2114002367081459,0.0
50,7,0.58599853515625,0.6064453125,0.03556932610557509,0.5954095068612728,0.6182890192692853,0.6982421875,0.6675095156528016,-0.03073267184719837,0.02044677734375,1.0,0.11224365234375,0.0,0.08151098049655159,0.0
50,8,0.58599853515625,0.5865478515625,0.03352069800041747,0.5990400453908783,0.5934632745439774,0.652099609375,0.8100611227414514,0.15796151336645134,0.00054931640625,1.0,0.06610107421875,0.0,0.22406258758520137,0.0
50,9,0.58599853515625,0.6275634765625,0.03642112124983807,0.5718088781694607,0.6044418349398176,0.70654296875,0.669304657364781,-0.0372383113852191,0.04156494140625,1.0,0.12054443359375,0.0,0.08330612220853095,0.0
50,10,0.58599853515625,0.5645751953125,0.0363206296474048,0.6070559598668703,0.5935549267106809,0.6494140625,0.6941471814530422,0.0447331189530422,-0.02142333984375,1.0,0.06341552734375,1.0,0.10814864629679222,0.0
50,11,0.58599853515625,0.576171875,0.038699872647661955,0.6042560996936696,0.6218888540659864,0.6536865234375,0.5973680303742448,-0.056318493063255155,-0.00982666015625,1.0,0.06768798828125,1.0,0.011369495217994796,1.0
50,12,0.58599853515625,0.583984375,0.03543246984758475,0.5812833045537041,0.6310697787782562,0.6888427734375,0.534960199642489,-0.15388257379501105,-0.00201416015625,1.0,0.10284423828125,0.0,-0.051038335513761024,1.0
50,13,0.58599853515625,0.5865478515625,0.029689495073977775,0.630495297138884,0.6151957836961566,0.679443359375,0.739327346972441,0.059883987597440916,0.00054931640625,1.0,0.09344482421875,0.0,0.15332881181619096,0.0
50,14,0.58599853515625,0.5521240234375,0.032887516120847594,0.5962872080878746,0.6060789924223499,0.644287109375,0.5590932025998062,-0.08519390677519377,-0.03387451171875,1.0,0.05828857421875,1.0,-0.026905332556443784,1.0
50,15,0.58599853515625,0.5799560546875,0.04293076007268287,0.5959401217548315,0.6228989916658308,0.6710205078125,0.6001117885374475,-0.07090871927505245,-0.00604248046875,1.0,0.08502197265625,0.0,0.01411325338119751,1.0
50,16,0.58599853515625,0.5634765625,0.035646568555040364,0.6120330460672249,0.5971808062913704,0.6453857421875,0.6033321182721929,-0.0420536239153071,-0.02252197265625,1.0,0.05938720703125,1.0,0.017333583115942908,1.0
50,17,0.58599853515625,0.5924072265625,0.037818860579172116,0.5755715885421302,0.628794825415432,0.6939697265625,0.6320333329846217,-0.061936393577878245,0.00640869140625,1.0,0.10797119140625,0.0,0.04603479782837172,1.0
50,18,0.58599853515625,0.5870361328125,0.03847584694900482,0.5961020383320711,0.62244889334503,0.6424560546875,0.5946313223350062,-0.04782473235249382,0.00103759765625,1.0,0.05645751953125,1.0,0.008632787178756152,1.0
50,19,0.58599853515625,0.61181640625,0.03857567433026952,0.5852898610804763,0.6191654108407555,0.6844482421875,0.6731194980396398,-0.011328744147860212,0.02581787109375,1.0,0.09844970703125,0.0,0.08712096288338977,0.0
50,20,0.58599853515625,0.5745849609375,0.03718679675083615,0.5913071668010117,0.6283776946600296,0.6925048828125,0.6720912894380806,-0.02041359337441942,-0.01141357421875,1.0,0.10650634765625,0.0,0.08609275428183061,0.0
50,21,0.58599853515625,0.563232421875,0.04021110243749701,0.5958864860405906,0.6030144535504633,0.658447265625,0.6914216280196018,0.03297436239460188,-0.02276611328125,1.0,0.07244873046875,1.0,0.10542309286335183,0.0
50,22,0.58599853515625,0.5830078125,0.03282719757302407,0.6106208492876549,0.6228177546758344,0.7042236328125,0.5890648987953672,-0.11515873401713286,-0.00299072265625,1.0,0.11822509765625,0.0,0.0030663636391171645,1.0
50,23,0.58599853515625,0.57080078125,0.03884729018963859,0.5450901660051537,0.6116940492701606,0.647216796875,0.630904871442957,-0.016311925432042917,-0.01519775390625,1.0,0.06121826171875,1.0,0.04490633628670704,1.0
50,24,0.58599853515625,0.573486328125,0.03889555727921246,0.544186674155333,0.593816537607453,0.6387939453125,0.6734269219122512,0.034632976599751196,-0.01251220703125,1.0,0.05279541015625,1.0,0.08742838675600118,0.0
50,25,0.58599853515625,0.5703125,0.03515878057683108,0.5806267888667849,0.5689351405217893,0.6767578125,0.6217349612529199,-0.055022851247080055,-0.01568603515625,1.0,0.09075927734375,0.0,0.03573642609666994,1.0
50,26,0.58599853515625,0.5738525390625,0.03674544850237387,0.5918896997553384,0.5918248378534833,0.6502685546875,0.5999753111431384,-0.05029324354436163,-0.01214599609375,1.0,0.06427001953125,1.0,0.013976775986888401,1.0
50,27,0.58599853515625,0.551025390625,0.03436240097121257,0.5836867738312556,0.5990936961145675,0.6265869140625,0.6233986268282083,-0.003188287234291605,-0.03497314453125,1.0,0.04058837890625,1.0,0.037400091671958346,1.0
50,28,0.58599853515625,0.522705078125,0.029700599623221077,0.616312643894667,0.6117640812076826,0.6480712890625,0.5260015511386753,-0.12206973792382464,-0.06329345703125,0.0,0.06207275390625,0.0,-0.059996984017574695,0.0
50,29,0.58599853515625,0.5784912109375,0.038147730202021175,0.6310741439309663,0.6037986423627116,0.6572265625,0.6593339694468952,0.0021074069468951812,-0.00750732421875,1.0,0.07122802734375,1.0,0.07333543429064515,1.0
50,30,0.58599853515625,0.5594482421875,0.032786493466539716,0.6176497564012565,0.6074780615256298,0.6895751953125,0.7001948384635429,0.010619643151042892,-0.02655029296875,1.0,0.10357666015625,0.0,0.11419630330729291,0.0
50,31,0.58599853515625,0.618896484375,0.03767550165733839,0.6122199327843687,0.6255304590876263,0.730712890625,0.7012916323233099,-0.029421258301690116,0.03289794921875,1.0,0.14471435546875,0.0,0.11529309716705993,0.0
50,32,0.58599853515625,0.5933837890625,0.030642089177553542,0.624599305911191,0.6559285401558198,0.7064208984375,0.6992349004002884,-0.007185998037211622,0.00738525390625,1.0,0.12042236328125,0.0,0.11323636524403835,0.0
50,33,0.58599853515625,0.5782470703125,0.03788801149494672,0.6181113819574209,0.6050353185349034,0.6424560546875,0.6679130942433039,0.025457039555803865,-0.00775146484375,1.0,0.05645751953125,1.0,0.08191455908705392,0.0
50,34,0.58599853515625,0.5894775390625,0.03303988474184042,0.5989747850693339,0.6091736866329001,0.6827392578125,0.6747679765933154,-0.00797128121918451,0.00347900390625,1.0,0.09674072265625,0.0,0.08876944143706544,0.0
50,35,0.58599853515625,0.556396484375,0.03427999334139062,0.6166892882239448,0.6115673352826806,0.6336669921875,0.5038091081466474,-0.1298578840408526,-0.02960205078125,1.0,0.04766845703125,1.0,-0.08218942700960263,0.0
50,36,0.58599853515625,0.5865478515625,0.0367162852772977,0.581624683005237,0.6154387946946005,0.6905517578125,0.5828928627620807,-0.10765889505041926,0.00054931640625,1.0,0.10455322265625,0.0,-0.0031056723941692566,1.0
50,37,0.58599853515625,0.59130859375,0.038223906384507164,0.6105409892378254,0.6305866114817156,0.68115234375,0.5643137434376377,-0.11683860031236223,0.00531005859375,1.0,0.09515380859375,0.0,-0.021684791718612262,1.0
50,38,0.58599853515625,0.603271484375,0.03280913455279806,0.6173613763393434,0.6172848796689543,0.7137451171875,0.5557935631938925,-0.15795155399360747,0.01727294921875,1.0,0.12774658203125,0.0,-0.030204971962357496,1.0
50,39,0.58599853515625,0.5816650390625,0.030817542195379015,0.6027539496792053,0.6026680971873531,0.6910400390625,0.5551196887219161,-0.13592035034058395,-0.00433349609375,1.0,0.10504150390625,0.0,-0.030878846434333918,1.0
50,40,0.58599853515625,0.5386962890625,0.03717441230949356,0.5572843299005021,0.6272632798786032,0.6409912109375,0.5976569748587861,-0.04333423607871389,-0.04730224609375,1.0,0.05499267578125,1.0,0.011658439702536105,1.0
50,41,0.58599853515625,0.569580078125,0.037165875793665794,0.5549216548409128,0.5680252974168387,0.645751953125,0.6124049623108161,-0.03334699081418391,-0.01641845703125,1.0,0.05975341796875,1.0,0.026406427154566092,1.0
50,42,0.58599853515625,0.54931640625,0.03775157151142009,0.617595425381536,0.6213875524081011,0.64111328125,0.4760913907037569,-0.1650218905462431,-0.03668212890625,1.0,0.05511474609375,1.0,-0.10990714445249311,0.0
50,43,0.58599853515625,0.5997314453125,0.030268553445921484,0.610502620012046,0.6120974981792036,0.7066650390625,0.6155372685995947,-0.0911277704629053,0.01373291015625,1.0,0.12066650390625,0.0,0.029538733443344678,1.0
50,44,0.58599853515625,0.6025390625,0.039903900515652346,0.6268909028205352,0.6206043654809128,0.6961669921875,0.7292594666824593,0.03309247449495937,0.01654052734375,1.0,0.11016845703125,0.0,0.14326093152620933,0.0
50,45,0.58599853515625,0.5921630859375,0.038493426552659644,0.6125581914091498,0.6356250835386892,0.6976318359375,0.5284456783559042,-0.16918615758159578,0.00616455078125,1.0,0.11163330078125,0.0,-0.05755285680034583,1.0
50,46,0.58599853515625,0.574462890625,0.03543891106661911,0.63540955691162,0.6000654893728943,0.64453125,0.6021025614436093,-0.04242868855639066,-0.01153564453125,1.0,0.05853271484375,1.0,0.016104026287359297,1.0
50,47,0.58599853515625,0.5662841796875,0.035540458797678906,0.6006716904086034,0.6148348216611976,0.64892578125,0.4898727025072235,-0.1590530787427765,-0.01971435546875,1.0,0.06292724609375,1.0,-0.09612583264902652,0.0
50,48,0.58599853515625,0.54736328125,0.03870302581822999,0.5981900522855058,0.5862142941442446,0.643798828125,0.6418139939562556,-0.001984834168744426,-0.03863525390625,1.0,0.05780029296875,1.0,0.0558154588000056,1.0
50,49,0.58599853515625,0.56201171875,0.03739655645422303,0.5974607371267837,0.6043501723689694,0.6390380859375,0.5394621047389453,-0.09957598119855467,-0.02398681640625,1.0,0.05303955078125,1.0,-0.04653643041730471,1.0
50,50,0.58599853515625,0.5889892578125,0.03438397825073656,0.6198310626589463,0.619556802735039,0.6790771484375,0.6465519995899335,-0.032525148847566486,0.00299072265625,1.0,0.09307861328125,0.0,0.06055346443368348,1.0
50,51,0.58599853515625,0.58740234375,0.036520774019349174,0.5557331691895826,0.6048856437317782,0.68359375,0.7176722124411252,0.03407846244112521,0.00140380859375,1.0,0.09759521484375,0.0,0.13167367728487522,0.0
50,52,0.58599853515625,0.5853271484375,0.03815850112127576,0.5711599619793887,0.6012829857595033,0.683349609375,0.5852211752460188,-0.09812843412898126,-0.00067138671875,1.0,0.09735107421875,0.0,-0.0007773599102312012,1.0
50,53,0.58599853515625,0.5631103515625,0.0343912060502895,0.6097295787961445,0.6055633157367124,0.654541015625,0.5077655225572433,-0.1467754930677567,-0.02288818359375,1.0,0.06854248046875,0.0,-0.07823301259900672,0.0
50,54,0.58599853515625,0.5938720703125,0.041387425426116044,0.576585533967125,0.6254632979984239,0.695556640625,0.6147622884057061,-0.0807943522192939,0.00787353515625,1.0,0.10955810546875,0.0,0.028763753249456125,1.0
50,55,0.58599853515625,0.563232421875,0.030894629108206173,0.6496478198428003,0.6054116346644035,0.6776123046875,0.7228014187939288,0.04518911410642874,-0.02276611328125,1.0,0.09161376953125,0.0,0.13680288363767878,0.0
50,56,0.58599853515625,0.6082763671875,0.035628911682753665,0.6005746730313429,0.6244773597428384,0.7158203125,0.5878361139235133,-0.12798419857648663,0.02227783203125,1.0,0.12982177734375,0.0,0.0018375787672633148,1.0
50,57,0.58599853515625,0.5477294921875,0.02842817401343825,0.6394252882040908,0.5964508055170434,0.6195068359375,0.49507694408137787,-0.12442989185612215,-0.03826904296875,1.0,0.03350830078125,1.0,-0.09092159107487213,0.0
50,58,0.58599853515625,0.591796875,0.034730368734706085,0.6450015262853898,0.6002164049571386,0.676513671875,0.5170686109352522,-0.1594450609397478,0.00579833984375,1.0,0.09051513671875,0.0,-0.06892992422099775,0.0
50,59,0.58599853515625,0.597900390625,0.038778314562419085,0.602682803212098,0.6128970636313374,0.6939697265625,0.6729427915303628,-0.02102693503213711,0.01190185546875,1.0,0.10797119140625,0.0,0.08694425637411285,0.0
50,60,0.58599853515625,0.5865478515625,0.038949937813702394,0.5830280177684984,0.613985171853845,0.645263671875,0.7015855100892897,0.056321838214289696,0.00054931640625,1.0,0.05926513671875,1.0,0.11558697493303971,0.0
50,61,0.58599853515625,0.566650390625,0.03820873337599707,0.589354018226566,0.6108517784601303,0.65380859375,0.5768219229474456,-0.07698667080255438,-0.01934814453125,1.0,0.06781005859375,1.0,-0.009176612208804391,1.0
50,62,0.58599853515625,0.5777587890625,0.03551513190398282,0.5974629046184957,0.5929101699355592,0.6412353515625,0.6106199538580726,-0.030615397704427498,-0.00823974609375,1.0,0.05523681640625,1.0,0.02462141870182255,1.0
50,63,0.58599853515625,0.5625,0.03598742659749313,0.5992686738701202,0.6054925440849684,0.655517578125,0.5825533944892888,-0.07296418363571121,-0.02349853515625,1.0,0.06951904296875,1.0,-0.0034451406669612217,1.0
50,64,0.58599853515625,0.60888671875,0.032954475109669236,0.5944193131852168,0.6206772510840376,0.69873046875,0.7026432615560813,0.003912792806081297,0.02288818359375,1.0,0.11273193359375,0.0,0.11664472639983126,0.0
50,65,0.58599853515625,0.5814208984375,0.035248087287991774,0.5889323349956321,0.6379178616641529,0.6796875,0.5989245517457328,-0.08076294825426719,-0.00457763671875,1.0,0.09368896484375,0.0,0.01292601658948278,1.0
50,66,0.58599853515625,0.5765380859375,0.03665954116332642,0.6082494800684087,0.6184956328757453,0.674072265625,0.6291980356614622,-0.04487422996353779,-0.00946044921875,1.0,0.08807373046875,0.0,0.04319950050521215,1.0
50,67,0.58599853515625,0.5650634765625,0.03784416805786057,0.583140982793274,0.5748979459155812,0.677978515625,0.5827893218077114,-0.09518919381728858,-0.02093505859375,1.0,0.09197998046875,0.0,-0.003209213348538631,1.0
50,68,0.58599853515625,0.577392578125,0.03633705126767582,0.6417865516311141,0.5940058623320295,0.697021484375,0.5590860842102672,-0.13793540016473288,-0.00860595703125,1.0,0.11102294921875,0.0,-0.026912450945982824,1.0
50,69,0.58599853515625,0.5968017578125,0.03473235016026472,0.5950512569131281,0.6201054180758342,0.6900634765625,0.5092836045428062,-0.18077987201969387,0.01080322265625,1.0,0.10406494140625,0.0,-0.07671493061344381,0.0
50,70,0.58599853515625,0.5814208984375,0.029112842579799465,0.635794536724709,0.5957941866218126,0.6683349609375,0.5103507675456775,-0.15798419339182246,-0.00457763671875,1.0,0.08233642578125,0.0,-0.07564776761057246,0.0
50,71,0.58599853515625,0.5997314453125,0.03581178019477984,0.5757021914141246,0.5913312300664907,0.669677734375,0.6295395696551402,-0.04013816471985976,0.01373291015625,1.0,0.08367919921875,0.0,0.04354103449889024,1.0
50,72,0.58599853515625,0.53955078125,0.03378285610262911,0.5895932887123406,0.5930730485505505,0.6263427734375,0.6456101665646656,0.01926739312716565,-0.04644775390625,1.0,0.04034423828125,1.0,0.05961163140841563,1.0
50,73,0.58599853515625,0.577392578125,0.03684016531417057,0.54262078518324,0.6096853880532148,0.6470947265625,0.801071253426559,0.15397652686405908,-0.00860595703125,1.0,0.06109619140625,1.0,0.21507271827030905,0.0
50,74,0.58599853515625,0.560791015625,0.03609154380662511,0.5951246702865057,0.591264739385331,0.65234375,0.5503575029166662,-0.1019862470833338,-0.02520751953125,1.0,0.06634521484375,1.0,-0.035641032239583814,1.0
50,75,0.58599853515625,0.5828857421875,0.0312653771976668,0.6418288231694657,0.6249572806147814,0.697021484375,0.4961438279421896,-0.20087765643281044,-0.00311279296875,1.0,0.11102294921875,0.0,-0.08985470721406041,0.0
50,76,0.58599853515625,0.5960693359375,0.04177688849469326,0.6229906958114593,0.6609407631478547,0.69091796875,0.6079207400802804,-0.0829972286697196,0.01007080078125,1.0,0.10491943359375,0.0,0.02192220492403041,1.0
50,77,0.58599853515625,0.5892333984375,0.035356349346805455,0.5924540092914129,0.6152457945538587,0.70068359375,0.581298209158993,-0.119385384591007,0.00323486328125,1.0,0.11468505859375,0.0,-0.004700325997257004,1.0
50,78,0.58599853515625,0.5679931640625,0.03614253235104522,0.5698846667239672,0.6255244205863182,0.70458984375,0.7718111963067142,0.06722135255671426,-0.01800537109375,1.0,0.11859130859375,0.0,0.18581266115046424,0.0
50,79,0.58599853515625,0.6153564453125,0.03668397365159131,0.609154586126684,0.637090858342914,0.705322265625,0.5805857050857914,-0.12473656053920852,0.02935791015625,1.0,0.11932373046875,0.0,-0.005412830070458563,1.0
50,80,0.58599853515625,0.608642578125,0.04289097597597513,0.5868090092247595,0.6001285379034508,0.70166015625,0.6875822483064358,-0.014077907943564182,0.02264404296875,1.0,0.11566162109375,0.0,0.10158371315018577,0.0
50,81,0.58599853515625,0.5472412109375,0.040886266982468285,0.6630516172023866,0.620384324832695,0.6217041015625,0.6931040089330402,0.0713999073705403,-0.03875732421875,1.0,0.03570556640625,1.0,0.10710547377679025,0.0
50,82,0.58599853515625,0.5675048828125,0.03525912253449774,0.571444950695104,0.604580619045411,0.66455078125,0.6593499053080156,-0.005200875941984345,-0.01849365234375,1.0,0.07855224609375,0.0,0.07335137015176563,0.0
50,83,0.58599853515625,0.604248046875,0.03823814752561871,0.5892371156285683,0.6200673300576092,0.7032470703125,0.598311709826924,-0.10493536048557592,0.01824951171875,1.0,0.11724853515625,0.0,0.012313174670674054,1.0
50,84,0.58599853515625,0.572021484375,0.03403683776975438,0.5341388192080921,0.5912949509983383,0.631591796875,0.5651338689507105,-0.06645792792428948,-0.01397705078125,1.0,0.04559326171875,1.0,-0.020864666205539506,1.0
50,85,0.58599853515625,0.564208984375,0.03448625288645,0.6049135657552217,0.6125056072893289,0.6434326171875,0.6196128949954054,-0.02381972219209457,-0.02178955078125,1.0,0.05743408203125,1.0,0.033614359839155394,1.0
50,86,0.58599853515625,0.58056640625,0.03614676443929699,0.5511085962491143,0.5985079595836064,0.660400390625,0.6667221842596325,0.006321793634632446,-0.00543212890625,1.0,0.07440185546875,0.0,0.08072364910338248,0.0
50,87,0.58599853515625,0.5567626953125,0.03885923736486849,0.6213332222496158,0.6263638309131955,0.6513671875,0.5074824049686864,-0.1438847825313137,-0.02923583984375,1.0,0.06536865234375,1.0,-0.07851613018756365,0.0
50,88,0.58599853515625,0.602294921875,0.037560732533307425,0.6134596893261287,0.5953965584059303,0.697998046875,0.6073086292295954,-0.09068941764540464,0.01629638671875,1.0,0.11199951171875,0.0,0.021310094073345387,1.0
50,89,0.58599853515625,0.552490234375,0.03447421310316142,0.5981515598936878,0.5927410709992349,0.6473388671875,0.5939660866516533,-0.05337278053584671,-0.03350830078125,1.0,0.06134033203125,1.0,0.007967551495403291,1.0
50,90,0.58599853515625,0.5980224609375,0.03551539819064615,0.5978233427727214,0.6152922496151477,0.69091796875,0.6170226146081449,-0.07389535414185508,0.01202392578125,1.0,0.10491943359375,0.0,0.031024079451894893,1.0
50,91,0.58599853515625,0.553955078125,0.034673532921156325,0.6028104937906084,0.6080192150809782,0.6387939453125,0.4685301766424819,-0.17026376867001808,-0.03204345703125,1.0,0.05279541015625,1.0,-0.11746835851376808,0.0
50,92,0.58599853515625,0.5989990234375,0.03293622838981649,0.5769666399556813,0.610475461669164,0.6976318359375,0.6225398126864222,-0.07509202325107778,0.01300048828125,1.0,0.11163330078125,0.0,0.03654127753017222,1.0
50,93,0.58599853515625,0.5450439453125,0.03710926025613872,0.6237452430451463,0.6020357940819059,0.624267578125,0.6771795169193092,0.052911938794309235,-0.04095458984375,1.0,0.03826904296875,1.0,0.09118098176305922,0.0
50,94,0.58599853515625,0.5628662109375,0.032868190445122535,0.572129541702229,0.5784797479693105,0.6514892578125,0.46911938785655505,-0.18236986995594498,-0.02313232421875,1.0,0.06549072265625,0.0,-0.11687914729969495,0.0
50,95,0.58599853515625,0.5574951171875,0.029561681410900393,0.6218118089745773,0.5864428787065683,0.6263427734375,0.6430253585722189,0.016682585134718902,-0.02850341796875,1.0,0.04034423828125,1.0,0.057026823415968875,1.0
50,96,0.58599853515625,0.5821533203125,0.03950254393534759,0.5483221286840557,0.6107364008402105,0.6741943359375,0.6606397410753998,-0.013554594862100205,-0.00384521484375,1.0,0.08819580078125,0.0,0.0746412059191498,1.0
50,97,0.58599853515625,0.598388671875,0.03502416026151514,0.5946911517826364,0.6307967574431638,0.682861328125,0.6413702345280018,-0.0414910935969982,0.01239013671875,1.0,0.09686279296875,0.0,0.05537169937175179,1.0
50,98,0.58599853515625,0.6173095703125,0.03412834264894323,0.6316688757868522,0.6188309414235391,0.7352294921875,0.6413222165681292,-0.09390727561937082,0.03131103515625,1.0,0.14923095703125,0.0,0.055323681411879155,1.0
50,99,0.58599853515625,0.5833740234375,0.028527217838868416,0.6154440238796348,0.6204206905295975,0.675537109375,0.6023569750209952,-0.07318013435400489,-0.00262451171875,1.0,0.08953857421875,0.0,0.016358439864745167,1.0
