cell,rep,truth,plug,loo,se_plug,se_aug,h_rmse,plug_dev,loo_dev,plug_cover,loo_cover_plugse,loo_cover_augse
V_share81,0,0.8134002685546875,0.76611328125,1.001446834579227,0.03266116414464259,0.03324509184312007,0.5857801448655725,-0.0472869873046875,0.1880465660245394,1.0,0.0,0.0
V_share81,1,0.8134002685546875,0.75244140625,0.5957743585546311,0.03208920746744563,0.032472152089785634,0.5715735591253805,-0.0609588623046875,-0.21762591000005638,1.0,0.0,0.0
V_share81,2,0.8134002685546875,0.763916015625,0.734212197221904,0.0335118050802783,0.03375350365931921,0.6169348600019388,-0.0494842529296875,-0.0791880713327835,1.0,0.0,0.0
V_share81,3,0.8134002685546875,0.75634765625,0.7224788346403137,0.03656161586628373,0.03671071377148637,0.5958669476619843,-0.0570526123046875,-0.0909214339143738,1.0,0.0,0.0
V_share81,4,0.8134002685546875,0.74169921875,0.9067022098361069,0.03101377520788023,0.03143496820657879,0.6267400945784168,-0.0717010498046875,0.09330194128141944,0.0,0.0,0.0
V_share81,5,0.8134002685546875,0.7816162109375,0.6039606434379938,0.039957502883702624,0.04030368629873566,0.6142286955333003,-0.0317840576171875,-0.20943962511669367,1.0,0.0,0.0
V_share81,6,0.8134002685546875,0.741455078125,0.8482824403887332,0.030595714342311942,0.030804567420460977,0.6463439382868638,-0.0719451904296875,0.03488217183404574,0.0,1.0,1.0
V_share81,7,0.8134002685546875,0.7615966796875,0.8983953558489539,0.02757879786924345,0.027942272269741907,0.6143134862514513,-0.0518035888671875,0.08499508729426641,1.0,0.0,0.0
V_share81,8,0.8134002685546875,0.772216796875,0.7704607516696406,0.03534564596061934,0.035474082471835526,0.653444756135719,-0.0411834716796875,-0.042939516885046936,1.0,1.0,1.0
V_share81,9,0.8134002685546875,0.76171875,0.7641021811894008,0.024247725987514873,0.024435575308646706,0.6360838072874885,-0.0516815185546875,-0.049298087365286736,0.0,0.0,0.0
V_share81,10,0.8134002685546875,0.7677001953125,0.9823908376983761,0.031064026158144492,0.031647113876468666,0.6315105131551751,-0.0457000732421875,0.1689905691436886,1.0,0.0,0.0
V_share81,11,0.8134002685546875,0.8187255859375,0.581015532919569,0.036607724502659506,0.03723478319810945,0.5906212086237709,0.0053253173828125,-0.23238473563511852,1.0,0.0,0.0
V_share81,12,0.8134002685546875,0.7607421875,0.7998080427279128,0.02700196851131933,0.027175709202929263,0.5721241368468283,-0.0526580810546875,-0.013592225826774662,1.0,1.0,1.0
V_share81,13,0.8134002685546875,0.75537109375,0.8243427979767224,0.03730299459065947,0.03748157568092897,0.6029235495571875,-0.0580291748046875,0.010942529422034886,1.0,1.0,1.0
V_share81,14,0.8134002685546875,0.7762451171875,0.8102246027775127,0.030658950993939654,0.030840801303836488,0.6440762487669887,-0.0371551513671875,-0.003175665777174763,1.0,1.0,1.0
V_share81,15,0.8134002685546875,0.7525634765625,0.6268655555710634,0.040426748410798935,0.04066870907136416,0.5576078356632244,-0.0608367919921875,-0.18653471298362412,1.0,0.0,0.0
V_share81,16,0.8134002685546875,0.77001953125,0.7836587708316726,0.031162448664333983,0.03132927436139709,0.5965773148416044,-0.0433807373046875,-0.02974149772301493,1.0,1.0,1.0
V_share81,17,0.8134002685546875,0.791015625,0.6389407199190218,0.03284979496812881,0.0332235349299591,0.5854896072975344,-0.0223846435546875,-0.1744595486356657,1.0,0.0,0.0
V_share81,18,0.8134002685546875,0.77392578125,0.794072276406179,0.036305793782873415,0.03646818492863763,0.5905177473251562,-0.0394744873046875,-0.019327992148508555,1.0,1.0,1.0
V_share81,19,0.8134002685546875,0.7716064453125,0.8826881577591265,0.03776361157654149,0.03796055064434837,0.6311804770155063,-0.0417938232421875,0.06928788920443896,1.0,1.0,1.0
V_share81,20,0.8134002685546875,0.745361328125,0.6815486729177455,0.025968795003974674,0.02618322112281432,0.614394189832239,-0.0680389404296875,-0.13185159563694204,0.0,0.0,0.0
V_share81,21,0.8134002685546875,0.7506103515625,0.8309306852875968,0.031685969108159115,0.03187219472237842,0.6293057233500706,-0.0627899169921875,0.017530416732909337,0.0,1.0,1.0
V_share81,22,0.8134002685546875,0.7769775390625,0.7950988483302964,0.03568254511555787,0.035818224308443614,0.5850023761032133,-0.0364227294921875,-0.018301420224391074,1.0,1.0,1.0
V_share81,23,0.8134002685546875,0.7945556640625,0.7785274362021198,0.03203834729277221,0.03222170835279682,0.6078730481611383,-0.0188446044921875,-0.03487283235256766,1.0,1.0,1.0
V_share81,24,0.8134002685546875,0.7545166015625,0.4797123167601753,0.03441742961480539,0.03515287561305423,0.648344581953978,-0.0588836669921875,-0.3336879517945122,1.0,0.0,0.0
V_share81,25,0.8134002685546875,0.7559814453125,0.8743709987361901,0.03103847290612657,0.03126574119996685,0.59578639830568,-0.0574188232421875,0.060970730181502564,1.0,0.0,1.0
V_share81,26,0.8134002685546875,0.76416015625,0.8198756584769556,0.028803020707922136,0.028992431866633514,0.6210971733954443,-0.0492401123046875,0.006475389922268149,1.0,1.0,1.0
V_share81,27,0.8134002685546875,0.75048828125,0.7449083021050874,0.03367926043009218,0.03382709510504384,0.61975891219567,-0.0629119873046875,-0.0684919664496001,1.0,0.0,0.0
V_share81,28,0.8134002685546875,0.7694091796875,0.7561428900081505,0.025663842450042395,0.02585066870357551,0.5934890771589897,-0.0439910888671875,-0.05725737854653701,1.0,0.0,0.0
V_share81,29,0.8134002685546875,0.75537109375,0.951052165964418,0.030443004630108843,0.03095700231345895,0.6036842376921894,-0.0580291748046875,0.1376518974097305,1.0,0.0,0.0
V_share81,30,0.8134002685546875,0.79443359375,0.94963686478131,0.036643496323915135,0.03696603588740231,0.5804608468860679,-0.0189666748046875,0.13623659622662254,1.0,0.0,0.0
V_share81,31,0.8134002685546875,0.7987060546875,1.0171477408668672,0.030512961065301797,0.03122532566550715,0.5394842398033071,-0.0146942138671875,0.2037474723121797,1.0,0.0,0.0
V_share81,32,0.8134002685546875,0.7723388671875,0.7613732343536009,0.031704375192494284,0.031840181857116075,0.6054471405344374,-0.0410614013671875,-0.052027034201086564,1.0,1.0,1.0
V_share81,33,0.8134002685546875,0.77783203125,0.7276708195132858,0.03345224616744845,0.03366599506438361,0.5987657732549306,-0.0355682373046875,-0.08572944904140167,1.0,0.0,0.0
V_share81,34,0.8134002685546875,0.779541015625,0.9522847649204248,0.0335001647244284,0.033918732669269605,0.5677757032611621,-0.0338592529296875,0.1388844963657373,1.0,0.0,0.0
V_share81,35,0.8134002685546875,0.7352294921875,0.736112270362174,0.036599088169500534,0.036775341481579286,0.6056465539562558,-0.0781707763671875,-0.07728799819251353,0.0,0.0,0.0
V_share81,36,0.8134002685546875,0.76513671875,0.7395527321399376,0.03284519111245168,0.03298091467716413,0.6307542285780817,-0.0482635498046875,-0.07384753641474995,1.0,0.0,0.0
V_share81,37,0.8134002685546875,0.7706298828125,0.7936210395098018,0.030804502320434576,0.03099522144384163,0.6056367071801125,-0.0427703857421875,-0.019779229044885716,1.0,1.0,1.0
V_share81,38,0.8134002685546875,0.7630615234375,0.7787405071430977,0.034456803127057616,0.0346066344991282,0.5977858092996838,-0.0503387451171875,-0.03465976141158977,1.0,1.0,1.0
V_share81,39,0.8134002685546875,0.7939453125,0.8629901450799798,0.025803461811761873,0.026089672224994174,0.5965004766001449,-0.0194549560546875,0.04958987652529234,1.0,1.0,1.0
V_share81,40,0.8134002685546875,0.7799072265625,0.9065108482962785,0.03353861901900509,0.03382724574538212,0.6178731185514625,-0.0334930419921875,0.09311057974159098,1.0,0.0,0.0
V_share81,41,0.8134002685546875,0.76416015625,0.8273097272507963,0.037005072005782354,0.03718139784533555,0.5900482376109811,-0.0492401123046875,0.013909458696108823,1.0,1.0,1.0
V_share81,42,0.8134002685546875,0.7752685546875,0.8739346303483071,0.031306499001637914,0.03156484162991869,0.5701127967874152,-0.0381317138671875,0.060534361793619595,1.0,1.0,1.0
V_share81,43,0.8134002685546875,0.7867431640625,0.8968402756216307,0.034559664457262246,0.034811909589810355,0.6016102338590558,-0.0266571044921875,0.08344000706694321,1.0,0.0,0.0
V_share81,44,0.8134002685546875,0.74658203125,0.8312886567449753,0.0302851948502674,0.030482030208815077,0.6114994652889401,-0.0668182373046875,0.01788838819028782,0.0,1.0,1.0
V_share81,45,0.8134002685546875,0.775390625,0.656363092027846,0.0309478995300623,0.031224149833842134,0.6107821304286684,-0.0380096435546875,-0.15703717652684146,1.0,0.0,0.0
V_share81,46,0.8134002685546875,0.75634765625,0.5690138534215037,0.029811067667144604,0.030261455270833296,0.6217599975402895,-0.0570526123046875,-0.24438641513318382,1.0,0.0,0.0
V_share81,47,0.8134002685546875,0.754638671875,0.7280380210632004,0.027359251011263058,0.02751206342592325,0.6179185205978299,-0.0587615966796875,-0.08536224749148713,0.0,0.0,0.0
V_share81,48,0.8134002685546875,0.759033203125,0.8460668694888371,0.03944157435038784,0.03962848163499123,0.6163053325127779,-0.0543670654296875,0.03266660093414964,1.0,1.0,1.0
V_share81,49,0.8134002685546875,0.762451171875,0.7948757951163141,0.03061329758196444,0.030846014986250708,0.6420797925796052,-0.0509490966796875,-0.01852447343837338,1.0,1.0,1.0
V_share81,50,0.8134002685546875,0.7568359375,0.7014438363336261,0.030109179354293247,0.030322166283857033,0.6094825474708364,-0.0565643310546875,-0.11195643222106144,1.0,0.0,0.0
V_share81,51,0.8134002685546875,0.781494140625,0.7617551566531676,0.0325485531231632,0.03272034182627728,0.6172788024764778,-0.0319061279296875,-0.05164511190151988,1.0,1.0,1.0
V_share81,52,0.8134002685546875,0.74267578125,0.9033567388420068,0.03680142983542691,0.03707662415771309,0.591747658868044,-0.0707244873046875,0.08995647028731935,1.0,0.0,0.0
V_share81,53,0.8134002685546875,0.7470703125,0.6444763929588756,0.026966993707228305,0.027271219221551377,0.6387613038337191,-0.0663299560546875,-0.1689238755958119,0.0,0.0,0.0
V_share81,54,0.8134002685546875,0.7774658203125,0.867138357365115,0.03650546107151797,0.03669182078861809,0.5689126124346886,-0.0359344482421875,0.05373808881042752,1.0,1.0,1.0
V_share81,55,0.8134002685546875,0.81494140625,0.9030215698595037,0.02918527407427442,0.029486285710896013,0.5425957508761946,0.0015411376953125,0.08962130130481616,1.0,0.0,0.0
V_share81,56,0.8134002685546875,0.76953125,0.5500009446571645,0.026006961831876032,0.02671714066878191,0.6084308389093376,-0.0438690185546875,-0.26339932389752296,1.0,0.0,0.0
V_share81,57,0.8134002685546875,0.7979736328125,0.9127374366808205,0.03596314885852996,0.03623887941744715,0.5688802652602086,-0.0154266357421875,0.09933716812613302,1.0,0.0,0.0
V_share81,58,0.8134002685546875,0.7823486328125,0.5528995217828275,0.03737619419200271,0.03794896910770898,0.5687971118445828,-0.0310516357421875,-0.26050074677185997,1.0,0.0,0.0
V_share81,59,0.8134002685546875,0.7813720703125,0.8358306234854138,0.034684174039819604,0.034874304911563785,0.5643625502046336,-0.0320281982421875,0.022430354930726315,1.0,1.0,1.0
V_share81,60,0.8134002685546875,0.7515869140625,0.75283793254387,0.034959014673794545,0.03508224886819063,0.5991115036624635,-0.0618133544921875,-0.06056233601081751,1.0,1.0,1.0
V_share81,61,0.8134002685546875,0.7816162109375,0.7771507981861115,0.039654815886453254,0.03984544386833973,0.6059421744204521,-0.0317840576171875,-0.03624947036857595,1.0,1.0,1.0
V_share81,62,0.8134002685546875,0.780029296875,1.057830150285395,0.035227275898084956,0.0360158544743137,0.6075042785321578,-0.0333709716796875,0.24442988173070757,1.0,0.0,0.0
V_share81,63,0.8134002685546875,0.737548828125,0.7494603286216588,0.03553654597705853,0.03567666334883411,0.6594570197762722,-0.0758514404296875,-0.06393993993302871,0.0,1.0,1.0
V_share81,64,0.8134002685546875,0.8013916015625,0.8886832980140198,0.032687614614665315,0.03291061169880623,0.6075162177563723,-0.0120086669921875,0.0752830294593323,1.0,0.0,0.0
V_share81,65,0.8134002685546875,0.78759765625,0.6891227316034871,0.03295377036470967,0.03321993075123597,0.5800340087483333,-0.0258026123046875,-0.12427753695120036,1.0,0.0,0.0
V_share81,66,0.8134002685546875,0.802490234375,0.8958906073120949,0.03588910938651805,0.0361331623263689,0.5567126008324682,-0.0109100341796875,0.08249033875740741,1.0,0.0,0.0
V_share81,67,0.8134002685546875,0.8052978515625,0.9251145982452808,0.03448506417145959,0.0347036188313387,0.5650172503814196,-0.0081024169921875,0.11171432969059325,1.0,0.0,0.0
V_share81,68,0.8134002685546875,0.7603759765625,0.7879199374136255,0.03569828143933964,0.035839416981803804,0.5900760224414664,-0.0530242919921875,-0.025480331141061963,1.0,1.0,1.0
V_share81,69,0.8134002685546875,0.78564453125,0.6444132096517229,0.03740499115963751,0.03774994445081245,0.5675937546084362,-0.0277557373046875,-0.16898705890296462,1.0,0.0,0.0
V_share81,70,0.8134002685546875,0.762451171875,0.6982960854533774,0.043804881318306704,0.04399334677834832,0.567304848422859,-0.0509490966796875,-0.1151041831013101,1.0,0.0,0.0
V_share81,71,0.8134002685546875,0.78955078125,0.9356427749616522,0.03381391915912622,0.03414324509134956,0.594463395068641,-0.0238494873046875,0.12224250640696466,1.0,0.0,0.0
V_share81,72,0.8134002685546875,0.7525634765625,0.7088798439083545,0.029643281579405042,0.029872286274810783,0.5979742165175158,-0.0608367919921875,-0.10452042464633304,0.0,0.0,0.0
V_share81,73,0.8134002685546875,0.7628173828125,0.9346243133784737,0.025389462758434414,0.02589224752645404,0.6533387673770353,-0.0505828857421875,0.12122404482378624,0.0,0.0,0.0
V_share81,74,0.8134002685546875,0.7996826171875,0.8680906923700015,0.02918046609992764,0.029371236767744283,0.6384956206918824,-0.0137176513671875,0.05469042381531397,1.0,1.0,1.0
V_share81,75,0.8134002685546875,0.781982421875,0.7642661369041204,0.030599491541919464,0.03076265102818614,0.5752058828598072,-0.0314178466796875,-0.049134131650567126,1.0,1.0,1.0
V_share81,76,0.8134002685546875,0.8013916015625,0.9362578473096281,0.030385085999825968,0.030731350471985244,0.6071156272941398,-0.0120086669921875,0.12285757875494063,1.0,0.0,0.0
V_share81,77,0.8134002685546875,0.7474365234375,0.716931936811286,0.033576326495869266,0.033703303482383484,0.5915430185339474,-0.0659637451171875,-0.09646833174340153,0.0,0.0,0.0
V_share81,78,0.8134002685546875,0.7952880859375,0.8661158865510857,0.038248566538211175,0.03841110641350377,0.6897067616896098,-0.0181121826171875,0.052715617996398234,1.0,1.0,1.0
V_share81,79,0.8134002685546875,0.7689208984375,0.9815218657026378,0.028496492120424745,0.029070538432822507,0.5994063362113876,-0.0444793701171875,0.16812159714795027,1.0,0.0,0.0
V_share81,80,0.8134002685546875,0.7294921875,0.7649657548062093,0.03264989407592857,0.032759813321577395,0.6533072518894415,-0.0839080810546875,-0.04843451374847818,0.0,1.0,1.0
V_share81,81,0.8134002685546875,0.7596435546875,0.7013132044019158,0.0330338759290653,0.033215566455783975,0.6203479459969408,-0.0537567138671875,-0.1120870641527717,1.0,0.0,0.0
V_share81,82,0.8134002685546875,0.771484375,0.9834080573417472,0.034845389962648014,0.03535484529614735,0.5879577719471952,-0.0419158935546875,0.1700077887870597,1.0,0.0,0.0
V_share81,83,0.8134002685546875,0.752685546875,0.5013021845496968,0.028054158915300564,0.02873723236752953,0.5852669157888537,-0.0607147216796875,-0.31209808400499073,0.0,0.0,0.0
V_share81,84,0.8134002685546875,0.76416015625,0.7928563269114524,0.03348794653051428,0.03360765765127388,0.6244319446589852,-0.0492401123046875,-0.020543941643235142,1.0,1.0,1.0
V_share81,85,0.8134002685546875,0.745849609375,0.5397393637443749,0.034794698526830765,0.035242316814415524,0.6643714231279392,-0.0675506591796875,-0.2736609048103126,1.0,0.0,0.0
V_share81,86,0.8134002685546875,0.78369140625,1.0101818870584203,0.02646642705068171,0.02718976021552548,0.6160094139635968,-0.0297088623046875,0.19678161850373277,1.0,0.0,0.0
V_share81,87,0.8134002685546875,0.7642822265625,0.5524847242940498,0.031170182000402356,0.03166808949733629,0.6523911750133824,-0.0491180419921875,-0.2609155442606377,1.0,0.0,0.0
V_share81,88,0.8134002685546875,0.7984619140625,0.8380049606535402,0.032839896243342326,0.033041412803023515,0.57560305395045,-0.0149383544921875,0.024604692098852743,1.0,1.0,1.0
V_share81,89,0.8134002685546875,0.7572021484375,0.6208694859228496,0.030961487057285648,0.031282650544511986,0.5866233239424192,-0.0561981201171875,-0.19253078263183787,1.0,0.0,0.0
V_share81,90,0.8134002685546875,0.7841796875,0.716626697506149,0.03257585437553758,0.032763515761895866,0.5899801611878333,-0.0292205810546875,-0.09677357104853845,1.0,0.0,0.0
V_share81,91,0.8134002685546875,0.755859375,0.7879992063180253,0.032494894601096155,0.03268302331988004,0.5752579484298527,-0.0575408935546875,-0.025401062236662164,1.0,1.0,1.0
V_share81,92,0.8134002685546875,0.767822265625,0.708227839760963,0.03208785451104699,0.03229733371961308,0.5493008669187085,-0.0455780029296875,-0.10517242879372446,1.0,0.0,0.0
V_share81,93,0.8134002685546875,0.75537109375,0.7731311604600459,0.030376228801830496,0.030539146671529245,0.6228794576991645,-0.0580291748046875,-0.04026910809464157,1.0,1.0,1.0
V_share81,94,0.8134002685546875,0.7783203125,1.1272906559665214,0.036108308202783365,0.037133372737947874,0.6099158793648768,-0.0350799560546875,0.31389038741183395,1.0,0.0,0.0
V_share81,95,0.8134002685546875,0.7724609375,0.9712321705412839,0.02857447000827772,0.029132116835773023,0.560094164337798,-0.0409393310546875,0.15783190198659636,1.0,0.0,0.0
V_share81,96,0.8134002685546875,0.77587890625,0.6485136661608019,0.039090861008647004,0.03936843159645932,0.6282016522449263,-0.0375213623046875,-0.16488660239388564,1.0,0.0,0.0
V_share81,97,0.8134002685546875,0.764404296875,0.8607297063361704,0.03403051332004167,0.03421445676515368,0.612005798662974,-0.0489959716796875,0.04732943778148291,1.0,1.0,1.0
V_share81,98,0.8134002685546875,0.7630615234375,0.7547451112981125,0.032913130864328614,0.03304772425399737,0.6290231891022918,-0.0503387451171875,-0.058655157256575,1.0,1.0,1.0
V_share81,99,0.8134002685546875,0.794189453125,0.7996360030734854,0.03499526497301592,0.03515511351844172,0.606423282757484,-0.0192108154296875,-0.013764265481202131,1.0,1.0,1.0
V_share81,100,0.8134002685546875,0.777587890625,0.9605140366453231,0.03565846617402688,0.036041615326295066,0.619981719629757,-0.0358123779296875,0.1471137680906356,1.0,0.0,0.0
V_share81,101,0.8134002685546875,0.7813720703125,1.0910912230225707,0.03591249883140129,0.03685397558360341,0.551584364460336,-0.0320281982421875,0.27769095446788317,1.0,0.0,0.0
V_share81,102,0.8134002685546875,0.761962890625,0.7993934386302254,0.03107863185908912,0.03126547500845793,0.5997330115548948,-0.0514373779296875,-0.014006829924462116,1.0,1.0,1.0
V_share81,103,0.8134002685546875,0.7794189453125,0.8352886022038011,0.035293745937240245,0.03546761548799196,0.6131878549422742,-0.0339813232421875,0.021888333649113578,1.0,1.0,1.0
V_share81,104,0.8134002685546875,0.7752685546875,0.9669370913455684,0.029276794179415762,0.029750215484620875,0.644425119432117,-0.0381317138671875,0.15353682279088088,1.0,0.0,0.0
V_share81,105,0.8134002685546875,0.759765625,1.070181402310637,0.03642848712930888,0.03740891677846305,0.5796185163859052,-0.0536346435546875,0.2567811337559496,1.0,0.0,0.0
V_share81,106,0.8134002685546875,0.7777099609375,0.7901136197810029,0.028783118378703867,0.02896477952934546,0.5851009701819677,-0.0356903076171875,-0.023286648773684582,1.0,1.0,1.0
V_share81,107,0.8134002685546875,0.7666015625,1.0334113341256157,0.02856229900052244,0.029403196993188375,0.6185856112330625,-0.0467987060546875,0.2200110655709282,1.0,0.0,0.0
V_share81,108,0.8134002685546875,0.7786865234375,0.9182617565945969,0.03428466758868546,0.034627557051761654,0.5444394387054489,-0.0347137451171875,0.10486148803990936,1.0,0.0,0.0
V_share81,109,0.8134002685546875,0.7725830078125,0.7088331217901269,0.03746592466959852,0.037619338780143605,0.6325309519697284,-0.0408172607421875,-0.10456714676456058,1.0,0.0,0.0
V_share81,110,0.8134002685546875,0.8172607421875,0.5986534186538024,0.03566717077790542,0.03621488492860325,0.6009214806879796,0.0038604736328125,-0.2147468499008851,1.0,0.0,0.0
V_share81,111,0.8134002685546875,0.7740478515625,1.0275504644306466,0.03107058584053574,0.03185566028602042,0.5630927990481629,-0.0393524169921875,0.21415019587595907,1.0,0.0,0.0
V_share81,112,0.8134002685546875,0.77001953125,0.7011567581818323,0.030179382902530704,0.030381247874745356,0.6091756092287345,-0.0433807373046875,-0.11224351037285518,1.0,0.0,0.0
V_share81,113,0.8134002685546875,0.773681640625,0.6593709836915902,0.03178376559617403,0.032088943221741384,0.5841123579625698,-0.0397186279296875,-0.1540292848630973,1.0,0.0,0.0
V_share81,114,0.8134002685546875,0.7939453125,0.9968432044520221,0.028110320725834706,0.028656413106590457,0.5686662600292349,-0.0194549560546875,0.18344293589733462,1.0,0.0,0.0
V_share81,115,0.8134002685546875,0.73876953125,0.7203059338067707,0.03500114613286614,0.03514529542668968,0.6159511709316038,-0.0746307373046875,-0.09309433474791684,0.0,0.0,0.0
V_share81,116,0.8134002685546875,0.790283203125,0.7849410794029775,0.034468637423152315,0.034608828396119486,0.5737907937536493,-0.0231170654296875,-0.028459189151709974,1.0,1.0,1.0
V_share81,117,0.8134002685546875,0.7667236328125,0.5403324585862253,0.028310925341003497,0.02896258341546769,0.59925309037328,-0.0466766357421875,-0.27306780996846225,1.0,0.0,0.0
V_share81,118,0.8134002685546875,0.7723388671875,0.7711925065601457,0.028888035092640593,0.02906674049741985,0.5908700020378495,-0.0410614013671875,-0.04220776199454179,1.0,1.0,1.0
V_share81,119,0.8134002685546875,0.7659912109375,0.9292707134024968,0.03676952863544673,0.03708935263700019,0.6141105566644297,-0.0474090576171875,0.11587044484780928,1.0,0.0,0.0
V_share81,120,0.8134002685546875,0.7930908203125,0.8592607185373805,0.0309417710533555,0.031170363154828042,0.5804828196269385,-0.0203094482421875,0.04586044998269301,1.0,1.0,1.0
V_share81,121,0.8134002685546875,0.8074951171875,0.9123850795620343,0.029558503283054444,0.029881540303442335,0.5858449162507261,-0.0059051513671875,0.0989848110073468,1.0,0.0,0.0
V_share81,122,0.8134002685546875,0.796875,0.85125763494324,0.0361197389738692,0.03634188312871712,0.6110452075975517,-0.0165252685546875,0.03785736638855253,1.0,1.0,1.0
V_share81,123,0.8134002685546875,0.7677001953125,0.9942035311304849,0.02968083368431923,0.03027742179973885,0.6307305548522447,-0.0457000732421875,0.18080326257579737,1.0,0.0,0.0
V_share81,124,0.8134002685546875,0.79150390625,0.7542991518099913,0.03059489457462495,0.030767308531496708,0.6255139095183316,-0.0218963623046875,-0.0591011167446962,1.0,1.0,1.0
V_share81,125,0.8134002685546875,0.7520751953125,0.8787053195990776,0.03259085014687513,0.032844440970001665,0.6277015094631038,-0.0613250732421875,0.0653050510443901,1.0,0.0,0.0
V_share81,126,0.8134002685546875,0.76806640625,0.7234660747719159,0.027657601037619405,0.027837023863116976,0.6342037093011694,-0.0453338623046875,-0.08993419378277157,1.0,0.0,0.0
V_share81,127,0.8134002685546875,0.7481689453125,0.7960899738187708,0.03392509496244459,0.03408765254064319,0.6407507380115519,-0.0652313232421875,-0.01731029473591672,1.0,1.0,1.0
V_share81,128,0.8134002685546875,0.7747802734375,0.781879623964762,0.02414586315470192,0.024312281220016278,0.6007864925874542,-0.0386199951171875,-0.03152064458992554,1.0,1.0,1.0
V_share81,129,0.8134002685546875,0.79736328125,0.8973004196836525,0.038198755830302085,0.03844749589770911,0.5488438489701082,-0.0160369873046875,0.08390015112896498,1.0,0.0,0.0
V_share81,130,0.8134002685546875,0.7705078125,0.853465836520962,0.036042781710654725,0.036220453299823895,0.6277289687480128,-0.0428924560546875,0.040065567966274473,1.0,1.0,1.0
V_share81,131,0.8134002685546875,0.7744140625,0.7712834541303535,0.030180001379354372,0.03033257877166337,0.5720885494060434,-0.0389862060546875,-0.042116814424334015,1.0,1.0,1.0
V_share81,132,0.8134002685546875,0.7841796875,0.8293564751464879,0.030923580723774505,0.03107629287442396,0.6462657892465421,-0.0292205810546875,0.015956206591800415,1.0,1.0,1.0
V_share81,133,0.8134002685546875,0.733154296875,0.85822745863396,0.0362278163709487,0.03649630781651294,0.6296196871342526,-0.0802459716796875,0.044827190079272494,0.0,1.0,1.0
V_share81,134,0.8134002685546875,0.737060546875,0.6142261577778598,0.03307088527724223,0.03336186147926491,0.6666352587835286,-0.0763397216796875,-0.19917411077682767,0.0,0.0,0.0
V_share81,135,0.8134002685546875,0.7547607421875,0.9294506459084858,0.03151864345479567,0.03204337822001427,0.5862538148845033,-0.0586395263671875,0.1160503773537983,1.0,0.0,0.0
V_share81,136,0.8134002685546875,0.7589111328125,0.8548530769481446,0.036663473101047776,0.036872467666872105,0.605292252310046,-0.0544891357421875,0.04145280839345711,1.0,1.0,1.0
V_share81,137,0.8134002685546875,0.727294921875,0.604021958745494,0.033081396494180834,0.03334894391127679,0.6223668134596092,-0.0861053466796875,-0.20937830980919347,0.0,0.0,0.0
V_share81,138,0.8134002685546875,0.77880859375,0.9879285742495562,0.03843671372924866,0.0388484881872757,0.5803882661131308,-0.0345916748046875,0.17452830569486866,1.0,0.0,0.0
V_share81,139,0.8134002685546875,0.7650146484375,0.9186010523364724,0.03302238879008889,0.03342200035438512,0.5778708398436897,-0.0483856201171875,0.10520078378178488,1.0,0.0,0.0
V_share81,140,0.8134002685546875,0.7490234375,0.9499271585316065,0.029250402431326077,0.02976200130625481,0.6165180787201257,-0.0643768310546875,0.13652688997691897,0.0,0.0,0.0
V_share81,141,0.8134002685546875,0.771240234375,0.9191647151937408,0.039573364579044916,0.039940650839890304,0.5210022498728882,-0.0421600341796875,0.10576444663905327,1.0,0.0,0.0
V_share81,142,0.8134002685546875,0.8001708984375,0.9175613290717614,0.029116638285264593,0.02949600093015941,0.5551518446853808,-0.0132293701171875,0.10416106051707386,1.0,0.0,0.0
V_share81,143,0.8134002685546875,0.795166015625,0.9182478570000747,0.03231987769249578,0.032566196716654,0.593042757579367,-0.0182342529296875,0.10484758844538722,1.0,0.0,0.0
V_share81,144,0.8134002685546875,0.7421875,0.8485934989149903,0.03724956799170201,0.03748279260701094,0.6193187356969335,-0.0712127685546875,0.03519323036030275,1.0,1.0,1.0
V_share81,145,0.8134002685546875,0.799560546875,0.7456193276068652,0.036103452225422016,0.036270390563988474,0.616106502905796,-0.0138397216796875,-0.06778094094782228,1.0,1.0,1.0
V_share81,146,0.8134002685546875,0.781982421875,0.8603889368072672,0.038481076517069016,0.03865294652729708,0.6558956812160088,-0.0314178466796875,0.046988668252579746,1.0,1.0,1.0
V_share81,147,0.8134002685546875,0.7589111328125,0.7287622438751866,0.031703952121881054,0.03187024066608432,0.6074534134831789,-0.0544891357421875,-0.08463802467950088,1.0,0.0,0.0
V_share81,148,0.8134002685546875,0.7646484375,1.0897756631392128,0.034685108195226265,0.03583365797139278,0.5681215914149972,-0.0487518310546875,0.2763753945845253,1.0,0.0,0.0
V_share81,149,0.8134002685546875,0.758056640625,0.7022608037350406,0.03313966419279516,0.033300819929907674,0.6124850663172986,-0.0553436279296875,-0.11113946481964687,1.0,0.0,0.0
V_share95,0,0.954071044921875,0.8944091796875,1.0833852899271041,0.02308822468674027,0.023648476000468415,0.5791568889671364,-0.059661865234375,0.12931424500522914,0.0,0.0,0.0
V_share95,1,0.954071044921875,0.8743896484375,0.9294974351355633,0.028722990570142316,0.028878319301083318,0.589171864980789,-0.079681396484375,-0.024573609786311734,0.0,1.0,1.0
V_share95,2,0.954071044921875,0.8974609375,1.0078206937179612,0.024035386280227663,0.02435848399086595,0.5861797362855068,-0.056610107421875,0.053749648796086236,0.0,0.0,0.0
V_share95,3,0.954071044921875,0.9024658203125,0.8832528520703976,0.02756406413894262,0.027668012103720156,0.5255316391003321,-0.051605224609375,-0.07081819285147739,1.0,0.0,0.0
V_share95,4,0.954071044921875,0.906005859375,0.8042227744943683,0.02554365049771887,0.025739528872397055,0.6274456244807409,-0.048065185546875,-0.1498482704275067,1.0,0.0,0.0
V_share95,5,0.954071044921875,0.8834228515625,1.0129405959339157,0.02303627723093546,0.023380532854263853,0.6005257257095088,-0.070648193359375,0.05886955101204072,0.0,0.0,0.0
V_share95,6,0.954071044921875,0.8731689453125,0.9264913617642125,0.02623038258556571,0.026395033245335847,0.5919212595064878,-0.080902099609375,-0.02757968315766246,0.0,1.0,1.0
V_share95,7,0.954071044921875,0.903076171875,1.0699585548461674,0.023200593239649597,0.023684066227784243,0.5663825065945116,-0.050994873046875,0.11588750992429242,0.0,0.0,0.0
V_share95,8,0.954071044921875,0.897216796875,1.0091348434205751,0.022206793281579734,0.02250756094975499,0.5752539315596997,-0.056854248046875,0.055063798498700134,0.0,0.0,0.0
V_share95,9,0.954071044921875,0.894287109375,0.7966767400436126,0.02558089104401537,0.0257819068291288,0.5963147885280242,-0.059783935546875,-0.15739430487826245,0.0,0.0,0.0
V_share95,10,0.954071044921875,0.8934326171875,0.8400729111320682,0.024299368275153277,0.024477747616488774,0.6292098375453797,-0.060638427734375,-0.11399813378980683,0.0,0.0,0.0
V_share95,11,0.954071044921875,0.897216796875,1.1732724418760552,0.022932235383968737,0.023926842261094764,0.6323473069001432,-0.056854248046875,0.21920139695418017,0.0,0.0,0.0
V_share95,12,0.954071044921875,0.8985595703125,0.9368846057845706,0.026699436262057227,0.026833549491399288,0.567186706577333,-0.055511474609375,-0.017186439137304443,0.0,1.0,1.0
V_share95,13,0.954071044921875,0.89453125,0.8749211054155748,0.026576292666964197,0.026679329303717338,0.6321656652401814,-0.059539794921875,-0.07914993950630023,0.0,0.0,0.0
V_share95,14,0.954071044921875,0.8895263671875,0.8310199973980946,0.024186636939565784,0.02431693867025449,0.6158851770797301,-0.064544677734375,-0.12305104752378038,0.0,0.0,0.0
V_share95,15,0.954071044921875,0.8740234375,1.0879349831122678,0.026660825709387655,0.027231514757178603,0.6241583356620556,-0.080047607421875,0.13386393819039277,0.0,0.0,0.0
V_share95,16,0.954071044921875,0.9107666015625,0.8407410830337507,0.02847613002068582,0.028632624426741127,0.5712390188683973,-0.043304443359375,-0.11332996188812428,1.0,0.0,0.0
V_share95,17,0.954071044921875,0.909423828125,0.9343705181734172,0.01947581656186315,0.019668352565792073,0.5430612422231182,-0.044647216796875,-0.01970052674845779,0.0,1.0,1.0
V_share95,18,0.954071044921875,0.89599609375,0.9671715436843289,0.02499750406685727,0.025206783592393867,0.5756959779031493,-0.058074951171875,0.013100498762453894,0.0,1.0,1.0
V_share95,19,0.954071044921875,0.8883056640625,0.997753062512262,0.024440968596325174,0.024686924342030816,0.6100346805418299,-0.065765380859375,0.043682017590387034,0.0,1.0,1.0
V_share95,20,0.954071044921875,0.8846435546875,1.038919230060828,0.028302319816134985,0.028628785181169004,0.5812851665613382,-0.069427490234375,0.08484818513895309,0.0,0.0,0.0
V_share95,21,0.954071044921875,0.922119140625,1.01860129435961,0.021687169768218835,0.02194715025831954,0.5885170705529331,-0.031951904296875,0.06453024943773511,1.0,0.0,0.0
V_share95,22,0.954071044921875,0.878173828125,1.0934942742775808,0.028438176551980467,0.028995245335557696,0.6203133939542604,-0.075897216796875,0.13942322935570584,0.0,0.0,0.0
V_share95,23,0.954071044921875,0.888671875,0.9772320410506012,0.02685411892075196,0.027099598877286957,0.6390474194860554,-0.065399169921875,0.02316099612872624,0.0,1.0,1.0
V_share95,24,0.954071044921875,0.893798828125,0.8656227075462569,0.02803106418557915,0.028164220715560583,0.6289607290946698,-0.060272216796875,-0.08844833737561808,0.0,0.0,0.0
V_share95,25,0.954071044921875,0.890869140625,0.8438923189191073,0.030607179551258336,0.03073577646900783,0.5916742636772677,-0.063201904296875,-0.11017872600276768,0.0,0.0,0.0
V_share95,26,0.954071044921875,0.8846435546875,1.0111263303842477,0.02933894520113665,0.02958899655446517,0.6049804091221966,-0.069427490234375,0.05705528546237271,0.0,1.0,1.0
V_share95,27,0.954071044921875,0.8995361328125,1.0780952696044643,0.02631086761608855,0.02671759971439467,0.6163826399950563,-0.054534912109375,0.12402422468258933,0.0,0.0,0.0
V_share95,28,0.954071044921875,0.892578125,0.8091263894825648,0.027453531399363434,0.027646804828328833,0.6058065196970769,-0.061492919921875,-0.14494465543931023,0.0,0.0,0.0
V_share95,29,0.954071044921875,0.8988037109375,0.8596374397409569,0.021281302874253744,0.02144242398067655,0.600256022314332,-0.055267333984375,-0.09443360518091815,0.0,0.0,0.0
V_share95,30,0.954071044921875,0.8846435546875,1.0418335508539416,0.027566685042565507,0.027925325098105795,0.612429622009611,-0.069427490234375,0.08776250593206658,0.0,0.0,0.0
V_share95,31,0.954071044921875,0.887451171875,0.9272232967927512,0.01901300373168061,0.019179493442684836,0.598967240914206,-0.066619873046875,-0.026847748129123827,0.0,1.0,1.0
V_share95,32,0.954071044921875,0.9024658203125,1.0601767981175951,0.030264413460615827,0.030621962223251562,0.6224596837086321,-0.051605224609375,0.10610575319572013,1.0,0.0,0.0
V_share95,33,0.954071044921875,0.9088134765625,1.001669118253208,0.03413787036685516,0.03429068100063739,0.5697502158656211,-0.045257568359375,0.047598073331333035,1.0,1.0,1.0
V_share95,34,0.954071044921875,0.9195556640625,0.8731339890354443,0.028410508910154068,0.028571229485337423,0.5521583003018147,-0.034515380859375,-0.08093705588643074,1.0,0.0,0.0
V_share95,35,0.954071044921875,0.9000244140625,0.9326191240882445,0.02707321548759559,0.02717689432823302,0.5822298552570189,-0.054046630859375,-0.021451920833630456,0.0,1.0,1.0
V_share95,36,0.954071044921875,0.916259765625,1.0048900130251752,0.028160221270869597,0.02838402821589859,0.6138372263763696,-0.037811279296875,0.05081896810330022,1.0,1.0,1.0
V_share95,37,0.954071044921875,0.879150390625,0.8835513441818178,0.020721354408060336,0.02081242061466744,0.688676764954711,-0.074920654296875,-0.0705197007400572,0.0,0.0,0.0
V_share95,38,0.954071044921875,0.8980712890625,0.8875719325157401,0.024927004266700113,0.025081014214130486,0.5606059639183882,-0.055999755859375,-0.06649911240613493,0.0,0.0,0.0
V_share95,39,0.954071044921875,0.8980712890625,0.7591610509137259,0.02267853781767089,0.023066770106674093,0.5765579208150293,-0.055999755859375,-0.19490999400814912,0.0,0.0,0.0
V_share95,40,0.954071044921875,0.9031982421875,0.9145367121221454,0.02531135024506455,0.025417241357008735,0.6150785790897614,-0.050872802734375,-0.03953433279972962,0.0,1.0,1.0
V_share95,41,0.954071044921875,0.8848876953125,0.9416007883477672,0.024664517702616358,0.024825280704622203,0.5796436608724636,-0.069183349609375,-0.01247025657410783,0.0,1.0,1.0
V_share95,42,0.954071044921875,0.9007568359375,0.6809570638492737,0.024885491053451624,0.025596670012769867,0.5881329136445711,-0.053314208984375,-0.2731139810726013,0.0,0.0,0.0
V_share95,43,0.954071044921875,0.8848876953125,0.8025431495987286,0.03319195813876641,0.033316310566882175,0.5913101956044761,-0.069183349609375,-0.15152789532314637,0.0,0.0,0.0
V_share95,44,0.954071044921875,0.87255859375,0.8678376939000841,0.02657188470456873,0.02673984266941162,0.6164066066454665,-0.081512451171875,-0.08623335102179086,0.0,0.0,0.0
V_share95,45,0.954071044921875,0.894287109375,0.8043678293105165,0.028843006787773403,0.02904815573196901,0.6030311034671431,-0.059783935546875,-0.14970321561135846,0.0,0.0,0.0
V_share95,46,0.954071044921875,0.8624267578125,0.8808601465801598,0.027315315682306177,0.027404291216324112,0.6526872076591071,-0.091644287109375,-0.07321089834171524,0.0,0.0,0.0
V_share95,47,0.954071044921875,0.9034423828125,1.018387791468382,0.023884159065444447,0.024163315590717088,0.5861202450110146,-0.050628662109375,0.0643167465465071,0.0,0.0,0.0
V_share95,48,0.954071044921875,0.901611328125,0.9267162152263212,0.02577107038124188,0.025885157444633627,0.5892516696161983,-0.052459716796875,-0.027354829695553806,0.0,1.0,1.0
V_share95,49,0.954071044921875,0.887451171875,0.9260133822811619,0.025977736699078945,0.026091832469040177,0.5991043423718042,-0.066619873046875,-0.028057662640713077,0.0,1.0,1.0
V_share95,50,0.954071044921875,0.8955078125,0.7435836595635223,0.02458399266514173,0.024993565484912952,0.6687831284819934,-0.058563232421875,-0.21048738535835265,0.0,0.0,0.0
V_share95,51,0.954071044921875,0.9033203125,1.0162838739844924,0.022591049230055168,0.022923928742137598,0.6087259306450107,-0.050750732421875,0.06221282906261738,0.0,0.0,0.0
V_share95,52,0.954071044921875,0.871826171875,0.8764765160668326,0.025722263797626214,0.0258523326506596,0.5643487905881204,-0.082244873046875,-0.07759452885504237,0.0,0.0,0.0
V_share95,53,0.954071044921875,0.9207763671875,1.0453999959790075,0.02592446721912448,0.026218700812817318,0.5554989071779957,-0.033294677734375,0.09132895105713246,1.0,0.0,0.0
V_share95,54,0.954071044921875,0.8927001953125,0.9766039108297672,0.02548084767176101,0.02565644142131587,0.6373881799887087,-0.061370849609375,0.022532865907892163,0.0,1.0,1.0
V_share95,55,0.954071044921875,0.899169921875,0.9090320230622049,0.024339515045173704,0.024444193298862615,0.5586339121198468,-0.054901123046875,-0.045039021859670125,0.0,1.0,1.0
V_share95,56,0.954071044921875,0.888916015625,0.9076678016623225,0.02411015613805938,0.02423159211865578,0.6028308297072478,-0.065155029296875,-0.046403243259552474,0.0,1.0,1.0
V_share95,57,0.954071044921875,0.893798828125,0.9011433076047989,0.023873762258419834,0.02400477068572635,0.6036615721971647,-0.060272216796875,-0.05292773731707612,0.0,0.0,0.0
V_share95,58,0.954071044921875,0.910400390625,0.959946707931879,0.017221146733442907,0.017405981692484727,0.5715459331860723,-0.043670654296875,0.005875663010003973,0.0,1.0,1.0
V_share95,59,0.954071044921875,0.8951416015625,1.0704147843936522,0.02716562713155885,0.02754940355512808,0.6071212275739358,-0.058929443359375,0.11634373947177723,0.0,0.0,0.0
V_share95,60,0.954071044921875,0.9141845703125,0.8815937260713262,0.02540032534886877,0.025523947720402465,0.6033180835929217,-0.039886474609375,-0.07247731885054876,1.0,0.0,0.0
V_share95,61,0.954071044921875,0.913818359375,0.9954144755312361,0.0213749584064116,0.021596240550957033,0.6087674046637743,-0.040252685546875,0.041343430609361076,1.0,1.0,1.0
V_share95,62,0.954071044921875,0.9053955078125,0.9741572324411316,0.032871686583694555,0.032990094165672314,0.5845333047915499,-0.048675537109375,0.020086187519256615,1.0,1.0,1.0
V_share95,63,0.954071044921875,0.87939453125,0.9859480928254499,0.027811927018751733,0.02802876747604188,0.6421228883697727,-0.074676513671875,0.03187704790357493,0.0,1.0,1.0
V_share95,64,0.954071044921875,0.9073486328125,0.8226939214247723,0.022470245368713497,0.022692950802978968,0.5913095232706521,-0.046722412109375,-0.13137712349710273,0.0,0.0,0.0
V_share95,65,0.954071044921875,0.90625,0.8402477903585788,0.02458167085196206,0.024719743797276945,0.6189299748613142,-0.047821044921875,-0.11382325456329623,1.0,0.0,0.0
V_share95,66,0.954071044921875,0.88818359375,0.7418576897714914,0.02383357525930706,0.02422166510670241,0.5558924214076105,-0.065887451171875,-0.21221335515038364,0.0,0.0,0.0
V_share95,67,0.954071044921875,0.8812255859375,0.7606457593280714,0.022374485037304156,0.022678843753173986,0.59954980650789,-0.072845458984375,-0.19342528559380356,0.0,0.0,0.0
V_share95,68,0.954071044921875,0.8837890625,0.879125352144435,0.0277106033870931,0.027806063601680163,0.6124609904230579,-0.070281982421875,-0.07494569277744001,0.0,0.0,0.0
V_share95,69,0.954071044921875,0.898681640625,1.1027767329250309,0.024195215505837173,0.024889452296883115,0.5919195480880008,-0.055389404296875,0.14870568800315587,0.0,0.0,0.0
V_share95,70,0.954071044921875,0.9180908203125,0.8904986809553589,0.024724713752808613,0.0248347096933766,0.5695270303011648,-0.035980224609375,-0.06357236396651611,1.0,0.0,0.0
V_share95,71,0.954071044921875,0.897216796875,0.9815281194256037,0.02361016291176888,0.02380886730109316,0.6022786721492062,-0.056854248046875,0.027457074503728696,0.0,1.0,1.0
V_share95,72,0.954071044921875,0.888427734375,1.040535364661827,0.02315988974304968,0.02354582154087116,0.6268519438987777,-0.065643310546875,0.08646431973995194,0.0,0.0,0.0
V_share95,73,0.954071044921875,0.9136962890625,1.0802880223553588,0.026667360537786858,0.027173365291607937,0.5698277351587895,-0.040374755859375,0.1262169774334838,1.0,0.0,0.0
V_share95,74,0.954071044921875,0.904052734375,1.0130682745065278,0.018742751304311543,0.01905506461486737,0.5988328638518433,-0.050018310546875,0.05899722958465281,0.0,0.0,0.0
V_share95,75,0.954071044921875,0.890625,0.9050194717577594,0.02537130223806151,0.02547296366840154,0.562135202569594,-0.063446044921875,-0.04905157316411557,0.0,1.0,1.0
V_share95,76,0.954071044921875,0.9105224609375,0.8197078170237047,0.02381501312313212,0.024088232784743997,0.5579597448050708,-0.043548583984375,-0.13436322789817035,1.0,0.0,0.0
V_share95,77,0.954071044921875,0.870849609375,1.0021283741919902,0.029703442228554425,0.029943420654861788,0.6391268070979939,-0.083221435546875,0.04805732927011519,0.0,1.0,1.0
V_share95,78,0.954071044921875,0.906982421875,0.7932651194782625,0.02513342805353505,0.025371161355460827,0.5423764180822983,-0.047088623046875,-0.1608059254436125,1.0,0.0,0.0
V_share95,79,0.954071044921875,0.9066162109375,0.8875752817345282,0.020538788192081357,0.020689771435927828,0.589432119982509,-0.047454833984375,-0.06649576318734685,0.0,0.0,0.0
V_share95,80,0.954071044921875,0.8953857421875,0.8886829682980235,0.03132206125507527,0.03141100328873654,0.5774715621044549,-0.058685302734375,-0.06538807662385149,1.0,0.0,0.0
V_share95,81,0.954071044921875,0.906982421875,0.9057212476147093,0.0265873217312035,0.026695987531600913,0.5979508663932478,-0.047088623046875,-0.04834979730716571,1.0,1.0,1.0
V_share95,82,0.954071044921875,0.9119873046875,0.9245279522509185,0.020500904417370784,0.020696678005097547,0.6027588555302503,-0.042083740234375,-0.02954309267095645,0.0,1.0,1.0
V_share95,83,0.954071044921875,0.8883056640625,0.8249997623928522,0.02429620223975234,0.02447659866800866,0.5874862994729676,-0.065765380859375,-0.12907128252902278,0.0,0.0,0.0
V_share95,84,0.954071044921875,0.882080078125,1.039145601833102,0.019311428539617207,0.019799430239166832,0.6263750658911768,-0.071990966796875,0.085074556911227,0.0,0.0,0.0
V_share95,85,0.954071044921875,0.892578125,0.9401962180907996,0.020133374013349224,0.02030605384435635,0.5560822089398674,-0.061492919921875,-0.013874826831075437,0.0,1.0,1.0
V_share95,86,0.954071044921875,0.8814697265625,0.760418498931407,0.02015309475425021,0.020571059924516584,0.5654210430175923,-0.072601318359375,-0.193652545990468,0.0,0.0,0.0
V_share95,87,0.954071044921875,0.899169921875,0.9405558264489631,0.02275050050495575,0.022898416248303133,0.6215434290920909,-0.054901123046875,-0.013515218472911927,0.0,1.0,1.0
V_share95,88,0.954071044921875,0.883056640625,0.918391163376614,0.026841200514671367,0.02696807933105948,0.5959246618221224,-0.071014404296875,-0.03567988154526103,0.0,1.0,1.0
V_share95,89,0.954071044921875,0.911376953125,0.9945856161547495,0.025997409705005498,0.02620127582707976,0.615868297604307,-0.042694091796875,0.0405145712328745,1.0,1.0,1.0
V_share95,90,0.954071044921875,0.89453125,0.9242768416383434,0.02616757894139325,0.026291311601899056,0.5556851507217593,-0.059539794921875,-0.02979420328353155,0.0,1.0,1.0
V_share95,91,0.954071044921875,0.89794921875,0.9065512336866623,0.025261783538511804,0.025415282433418323,0.6106214367310824,-0.056121826171875,-0.04751981123521265,0.0,1.0,1.0
V_share95,92,0.954071044921875,0.9149169921875,0.7442572495041369,0.026144526753146616,0.026589608303053843,0.5749366600663761,-0.039154052734375,-0.20981379541773815,1.0,0.0,0.0
V_share95,93,0.954071044921875,0.9002685546875,0.9920620747462023,0.02124002110993397,0.02149981969521795,0.6195091708412244,-0.053802490234375,0.03799102982432734,0.0,1.0,1.0
V_share95,94,0.954071044921875,0.8880615234375,0.9181353686505344,0.027441589050512482,0.02755520263085254,0.6271628553558706,-0.066009521484375,-0.035935676271340644,0.0,1.0,1.0
V_share95,95,0.954071044921875,0.88720703125,0.7982217788257343,0.026435990197142847,0.0266156325878125,0.6079092306146031,-0.066864013671875,-0.1558492660961407,0.0,0.0,0.0
V_share95,96,0.954071044921875,0.89404296875,0.85255112416561,0.029479676169895077,0.0296271105333529,0.578459090705812,-0.060028076171875,-0.10151992075626504,0.0,0.0,0.0
V_share95,97,0.954071044921875,0.881103515625,0.9743015085941513,0.03336511611717302,0.03355616992357359,0.6122195549871666,-0.072967529296875,0.020230463672276322,0.0,1.0,1.0
V_share95,98,0.954071044921875,0.885009765625,0.9682860984939944,0.028574726875223368,0.02879986739308478,0.6187912666732276,-0.069061279296875,0.014215053572119385,0.0,1.0,1.0
V_share95,99,0.954071044921875,0.9031982421875,0.799143605403716,0.027744652276643647,0.027962254208171042,0.6222077551648904,-0.050872802734375,-0.15492743951815902,1.0,0.0,0.0
V_share95,100,0.954071044921875,0.8701171875,0.9995246646160685,0.026171660678825554,0.02649044487590298,0.5932431711160355,-0.083953857421875,0.04545361969419348,0.0,1.0,1.0
V_share95,101,0.954071044921875,0.89404296875,0.990301503012645,0.020459127748601667,0.02069549839151524,0.6100065310491759,-0.060028076171875,0.03623045809076997,0.0,1.0,1.0
V_share95,102,0.954071044921875,0.888916015625,0.9770798700165213,0.01757424342610484,0.017829185469951745,0.5724634127549941,-0.065155029296875,0.0230088250946463,0.0,1.0,1.0
V_share95,103,0.954071044921875,0.881103515625,0.9073820214804872,0.030401650260574804,0.030509981099827985,0.5898898538520416,-0.072967529296875,-0.04668902344138781,0.0,1.0,1.0
V_share95,104,0.954071044921875,0.8902587890625,0.8541654972143407,0.018508885883575146,0.018731205513929212,0.530910770041311,-0.063812255859375,-0.09990554770753435,0.0,0.0,0.0
V_share95,105,0.954071044921875,0.9049072265625,0.9936337122348516,0.023560407363005374,0.02379585457868553,0.5711622559935654,-0.049163818359375,0.03956266731297664,0.0,1.0,1.0
V_share95,106,0.954071044921875,0.9205322265625,0.9695538630020891,0.030246836997571015,0.03040286054691943,0.5892476330647739,-0.033538818359375,0.015482818080214122,1.0,1.0,1.0
V_share95,107,0.954071044921875,0.871337890625,0.9539742926971885,0.03207365602577932,0.03221181711787414,0.5708537119882545,-0.082733154296875,-9.675222468652489e-05,0.0,1.0,1.0
V_share95,108,0.954071044921875,0.9176025390625,0.8858397851401649,0.021567869653858894,0.0217474000174866,0.5517505604005954,-0.036468505859375,-0.06823125978171007,1.0,0.0,0.0
V_share95,109,0.954071044921875,0.92724609375,1.0071039615754123,0.02451647691997542,0.02470063092453927,0.5833646532202573,-0.026824951171875,0.053032916653537265,1.0,0.0,0.0
V_share95,110,0.954071044921875,0.899169921875,1.1112858138747348,0.027931967210323233,0.02851215139726264,0.5993838185133191,-0.054901123046875,0.1572147689528598,0.0,0.0,0.0
V_share95,111,0.954071044921875,0.8853759765625,0.9430952602310816,0.02429195884619961,0.024458532548095248,0.637655300117853,-0.068695068359375,-0.010975784690793411,0.0,1.0,1.0
V_share95,112,0.954071044921875,0.872314453125,0.9457298909031379,0.024167710200385755,0.024339358077079196,0.6403915044683557,-0.081756591796875,-0.00834115401873714,0.0,1.0,1.0
V_share95,113,0.954071044921875,0.8902587890625,0.8868022409306716,0.02480068447512047,0.024919329153225152,0.6036655553968511,-0.063812255859375,-0.06726880399120339,0.0,0.0,0.0
V_share95,114,0.954071044921875,0.9024658203125,0.9867822722196165,0.027845487966586147,0.028063760929026578,0.5638626000265541,-0.051605224609375,0.03271122729774145,1.0,1.0,1.0
V_share95,115,0.954071044921875,0.867919921875,0.9816350957908663,0.030416408694385763,0.03061871299475215,0.6310466419217492,-0.086151123046875,0.027564050868991274,0.0,1.0,1.0
V_share95,116,0.954071044921875,0.8924560546875,1.0312926821700068,0.028854433495704535,0.029149311047964317,0.5786501179841244,-0.061614990234375,0.0772216372481318,0.0,0.0,0.0
V_share95,117,0.954071044921875,0.906982421875,0.9215087615188841,0.023439069420968416,0.0235539259110374,0.5573369648421427,-0.047088623046875,-0.032562283402990944,0.0,1.0,1.0
V_share95,118,0.954071044921875,0.914306640625,1.0542319951854886,0.018961254435694547,0.01941912208890052,0.5933190463094395,-0.039764404296875,0.1001609502636136,0.0,0.0,0.0
V_share95,119,0.954071044921875,0.9000244140625,0.8832297004804694,0.03132609101004217,0.03141963812024231,0.5791274851249553,-0.054046630859375,-0.07084134444140555,1.0,0.0,0.0
V_share95,120,0.954071044921875,0.8988037109375,1.043198158471002,0.022555023496590384,0.022939972191776754,0.6532612952767116,-0.055267333984375,0.08912711354912695,0.0,0.0,0.0
V_share95,121,0.954071044921875,0.8956298828125,0.9204996775905013,0.02521342736094485,0.025353724704099117,0.6165600729055505,-0.058441162109375,-0.03357136733137367,0.0,1.0,1.0
V_share95,122,0.954071044921875,0.9024658203125,0.9339894190363294,0.02684938972307306,0.026994205784098835,0.6334109325288197,-0.051605224609375,-0.02008162588554563,1.0,1.0,1.0
V_share95,123,0.954071044921875,0.91455078125,1.058238909342983,0.021781201495451503,0.022203218257216266,0.6281000819240451,-0.039520263671875,0.10416786442110793,1.0,0.0,0.0
V_share95,124,0.954071044921875,0.8870849609375,0.8159522687694531,0.027334921156323883,0.027522878187046365,0.5868319318805348,-0.066986083984375,-0.13811877615242185,0.0,0.0,0.0
V_share95,125,0.954071044921875,0.883544921875,0.8615730078126143,0.024889156559618444,0.0250450191102047,0.5620956451834295,-0.070526123046875,-0.09249803710926074,0.0,0.0,0.0
V_share95,126,0.954071044921875,0.900390625,0.980544458084858,0.02203591572158217,0.022247212671571294,0.5750387601101888,-0.053680419921875,0.026473413162983017,0.0,1.0,1.0
V_share95,127,0.954071044921875,0.882568359375,0.9389118933424817,0.027863940836632947,0.028027288330121445,0.6180190218220227,-0.071502685546875,-0.015159151579393293,0.0,1.0,1.0
V_share95,128,0.954071044921875,0.8988037109375,0.9072565881878827,0.02615818471645799,0.026280664891139793,0.5839444552385982,-0.055267333984375,-0.046814456733992316,0.0,1.0,1.0
V_share95,129,0.954071044921875,0.891357421875,0.8714229269947351,0.019447716159087133,0.019556756181110708,0.6224682810550196,-0.062713623046875,-0.08264811792713989,0.0,0.0,0.0
V_share95,130,0.954071044921875,0.8839111328125,0.8174913218099631,0.02818048478264473,0.02834332576532433,0.6194788993905693,-0.070159912109375,-0.1365797231119119,0.0,0.0,0.0
V_share95,131,0.954071044921875,0.897216796875,0.9546176901717268,0.025777885062030274,0.02593039898875009,0.646207709814825,-0.056854248046875,0.0005466452498518182,0.0,1.0,1.0
V_share95,132,0.954071044921875,0.8836669921875,0.9749773936582122,0.029172404153501565,0.029374928687204222,0.5963687591167225,-0.070404052734375,0.020906348736337232,0.0,1.0,1.0
V_share95,133,0.954071044921875,0.892333984375,1.0618384341460179,0.03283971401802559,0.03321001749886869,0.6150207344278085,-0.061737060546875,0.10776738922414286,1.0,0.0,0.0
V_share95,134,0.954071044921875,0.87353515625,0.9720102791107033,0.024706481505140213,0.024962375167489732,0.6297782569960108,-0.080535888671875,0.017939234188828257,0.0,1.0,1.0
V_share95,135,0.954071044921875,0.8856201171875,1.024314898450112,0.020951629761009886,0.021360152803897192,0.5347700381513198,-0.068450927734375,0.07024385352823703,0.0,0.0,0.0
V_share95,136,0.954071044921875,0.8853759765625,0.9504700450978509,0.028893477355416752,0.029057146370968342,0.5837388595074733,-0.068695068359375,-0.003600999824024065,0.0,1.0,1.0
V_share95,137,0.954071044921875,0.920166015625,1.0776926791867587,0.028291356995165263,0.02863745062560603,0.5445041659922114,-0.033905029296875,0.1236216342648837,1.0,0.0,0.0
V_share95,138,0.954071044921875,0.9091796875,1.085767963399565,0.023883532585168874,0.02437664057964919,0.6298721255229682,-0.044891357421875,0.13169691847768994,1.0,0.0,0.0
V_share95,139,0.954071044921875,0.90673828125,1.000307835143817,0.018874310616075172,0.019156022695762456,0.5978635113718026,-0.047332763671875,0.04623679022194205,0.0,0.0,0.0
V_share95,140,0.954071044921875,0.8734130859375,0.8499569682860507,0.030543290091865922,0.030672440904750537,0.6405282454788814,-0.080657958984375,-0.10411407663582428,0.0,0.0,0.0
V_share95,141,0.954071044921875,0.885498046875,1.0048736879153624,0.025261577850341423,0.025538299693180368,0.6866687487177353,-0.068572998046875,0.05080264299348736,0.0,0.0,0.0
V_share95,142,0.954071044921875,0.8895263671875,0.7863270545973717,0.0270364638872175,0.02725179428374867,0.6310621919373954,-0.064544677734375,-0.16774399032450327,0.0,0.0,0.0
V_share95,143,0.954071044921875,0.905517578125,0.9694717182823172,0.023787873187795842,0.023964907325207077,0.5753140402191723,-0.048553466796875,0.015400673360442152,0.0,1.0,1.0
V_share95,144,0.954071044921875,0.8997802734375,1.1690491517843824,0.028720558440531403,0.02946313724937743,0.6223472210289936,-0.054290771484375,0.2149781068625074,1.0,0.0,0.0
V_share95,145,0.954071044921875,0.8770751953125,0.7320937317660161,0.02706625910947392,0.027368796940615253,0.6347445300238025,-0.076995849609375,-0.2219773131558589,0.0,0.0,0.0
V_share95,146,0.954071044921875,0.88134765625,0.951977303485846,0.022416605447231716,0.02259702665140106,0.6022320142751415,-0.072723388671875,-0.0020937414360290285,0.0,1.0,1.0
V_share95,147,0.954071044921875,0.9251708984375,1.073262197895113,0.01797899707632979,0.018516361678966208,0.5679027792807322,-0.028900146484375,0.1191911529732379,1.0,0.0,0.0
V_share95,148,0.954071044921875,0.8953857421875,0.9472891832661551,0.02480111304549646,0.024940536654001057,0.6378044742127333,-0.058685302734375,-0.006781861655719923,0.0,1.0,1.0
V_share95,149,0.954071044921875,0.8994140625,0.7445580525154636,0.025720214768264648,0.026088948782226243,0.6689340120867165,-0.054656982421875,-0.2095129924064114,0.0,0.0,0.0
W_baseline,0,0.33960013695911856,0.43753613281304593,0.3595830974076752,0.02716003268011051,0.027225440916896736,0.6198496684343257,0.09793599585392737,0.01998296044855663,0.0,1.0,1.0
W_baseline,1,0.33960013695911856,0.4079516031740345,0.31831334431704994,0.02796229822295765,0.02803856817464854,0.5679198907751075,0.06835146621491595,-0.02128679264206862,0.0,1.0,1.0
W_baseline,2,0.33960013695911856,0.40605146533665576,0.3153708763064068,0.0276399500910335,0.02772430366275814,0.5973589640752611,0.0664513283775372,-0.024229260652711748,0.0,1.0,1.0
W_baseline,3,0.33960013695911856,0.41349640725742326,0.32985186985911397,0.027362766018195477,0.02742983081292679,0.5927357441942037,0.0738962702983047,-0.009748267100004593,0.0,1.0,1.0
W_baseline,4,0.33960013695911856,0.4378474904104914,0.3610271678476825,0.02797013338018193,0.028028943409726996,0.585269187910482,0.09824735345137287,0.021427030888563958,0.0,1.0,1.0
W_baseline,5,0.33960013695911856,0.41348835041473864,0.31960265359192286,0.028109780215401003,0.028197331072725023,0.59467649289966,0.07388821345562008,-0.0199974833671957,0.0,1.0,1.0
W_baseline,6,0.33960013695911856,0.3867610484663766,0.29860376584063486,0.027631575368654123,0.027716899010602217,0.5910736649300365,0.04716091150725804,-0.0409963711184837,1.0,1.0,1.0
W_baseline,7,0.33960013695911856,0.35938484968420553,0.26387975262949404,0.027101539935969806,0.027193998016370083,0.5531307696652268,0.019784712725086973,-0.07572038432962452,1.0,0.0,0.0
W_baseline,8,0.33960013695911856,0.39911812565938065,0.3142637730742183,0.026678877016172053,0.026751596935831224,0.5444945159039408,0.05951798870026209,-0.025336363884900237,0.0,1.0,1.0
W_baseline,9,0.33960013695911856,0.45833269113287084,0.38275444158550165,0.028589073717719685,0.028642425912611857,0.6071140644968761,0.11873255417375228,0.04315430462638309,0.0,1.0,1.0
W_baseline,10,0.33960013695911856,0.42226860515841036,0.3382447478446005,0.027286396073742124,0.027355320032330828,0.5756536681581914,0.0826684681992918,-0.0013553891145180463,0.0,1.0,1.0
W_baseline,11,0.33960013695911856,0.443453065931728,0.36255911735598967,0.028839829237954154,0.02890460343785082,0.5890533603809157,0.10385292897260945,0.02295898039687111,0.0,1.0,1.0
W_baseline,12,0.33960013695911856,0.4016136956935846,0.310017436379423,0.027914882587602025,0.02800079949228695,0.5740089206337284,0.06201355873446607,-0.029582700579695587,0.0,1.0,1.0
W_baseline,13,0.33960013695911856,0.41796667597912474,0.34804260430495115,0.02693520855547118,0.026986702050071268,0.6006756764713351,0.07836653902000618,0.008442467345832594,0.0,1.0,1.0
W_baseline,14,0.33960013695911856,0.42210454556604987,0.32894453188939393,0.02862989656691891,0.028711731336167244,0.5737829365966877,0.08250440860693131,-0.010655605069724627,0.0,1.0,1.0
W_baseline,15,0.33960013695911856,0.41839923726685574,0.3365984536934801,0.027316425038806796,0.027383173568646904,0.5541908986088937,0.07879910030773718,-0.003001683265638433,0.0,1.0,1.0
W_baseline,16,0.33960013695911856,0.41328404970955096,0.3317263829406081,0.02796439285840288,0.02802998783517697,0.5861348452810745,0.0736839127504324,-0.007873754018510482,0.0,1.0,1.0
W_baseline,17,0.33960013695911856,0.42474898788916826,0.3412888235852252,0.028179355196218638,0.028249025527100402,0.5742506099371921,0.0851488509300497,0.0016886866261066613,0.0,1.0,1.0
W_baseline,18,0.33960013695911856,0.4366965324273247,0.35807303013818137,0.028473290945623154,0.028534045491539803,0.6207972346737105,0.09709639546820614,0.01847289317906281,0.0,1.0,1.0
W_baseline,19,0.33960013695911856,0.4465885129856427,0.36605325372074143,0.028149261107894227,0.028215628206509462,0.6137297312203164,0.10698837602652417,0.026453116761622875,0.0,1.0,1.0
W_baseline,20,0.33960013695911856,0.4105033480269379,0.3298230731740893,0.026542613343195885,0.02661293251020091,0.6312414925741464,0.07090321106781933,-0.009777063785029239,0.0,1.0,1.0
W_baseline,21,0.33960013695911856,0.4105913021900216,0.32452343286055524,0.027861664340152276,0.02792917986748375,0.5921842608484685,0.07099116523090304,-0.01507670409856332,0.0,1.0,1.0
W_baseline,22,0.33960013695911856,0.42074208436932176,0.3241870970275117,0.027739235796876056,0.027838324378873378,0.6104584884952882,0.0811419474102032,-0.015413039931606864,0.0,1.0,1.0
W_baseline,23,0.33960013695911856,0.4362938956640031,0.3547771290729002,0.02707143353542111,0.027142385683692885,0.6173744838957468,0.09669375870488456,0.015176992113781651,0.0,1.0,1.0
W_baseline,24,0.33960013695911856,0.41862166430867903,0.33019667472862424,0.02861911983404051,0.028694341817211796,0.5796340386709015,0.07902152734956047,-0.00940346223049432,0.0,1.0,1.0
W_baseline,25,0.33960013695911856,0.45622142155373224,0.37926064292033723,0.02862734766949801,0.02867979998887622,0.6231135455104426,0.11662128459461368,0.03966050596121867,0.0,1.0,1.0
W_baseline,26,0.33960013695911856,0.43640546779927636,0.3632169341922188,0.027760883948831368,0.02781342766562895,0.670637180212848,0.0968053308401578,0.02361679723310023,0.0,1.0,1.0
W_baseline,27,0.33960013695911856,0.4552649699852028,0.3736305565345588,0.028239620834859997,0.028305885210270786,0.6059504075786615,0.11566483302608427,0.03403041957544023,0.0,1.0,1.0
W_baseline,28,0.33960013695911856,0.4549606521553302,0.3699987235225263,0.028713019125362955,0.028785801205977794,0.5933745494934176,0.11536051519621165,0.030398586563407715,0.0,1.0,1.0
W_baseline,29,0.33960013695911856,0.413315299636958,0.3205174540680408,0.027522489647141265,0.027614219135720666,0.5955882913716735,0.07371516267783945,-0.019082682891077785,0.0,1.0,1.0
W_baseline,30,0.33960013695911856,0.42600609531859845,0.34822838264334954,0.0274871683139991,0.02754864830307491,0.6145626173490361,0.0864059583594799,0.008628245684230984,0.0,1.0,1.0
W_baseline,31,0.33960013695911856,0.42707640513681167,0.3373318245403598,0.027390193864359664,0.027473166311972747,0.5504038068420537,0.0874762681776931,-0.0022683124187587445,0.0,1.0,1.0
W_baseline,32,0.33960013695911856,0.4199763551952469,0.3367922132923316,0.02768066100158754,0.027750883358295692,0.5927244955109783,0.08037621823612834,-0.002807923666786949,0.0,1.0,1.0
W_baseline,33,0.33960013695911856,0.4143803269310502,0.32510956304979777,0.02701594689820318,0.027096158437841723,0.6020614534672581,0.07478018997193164,-0.014490573909320792,0.0,1.0,1.0
W_baseline,34,0.33960013695911856,0.4485693219981753,0.36996436940389243,0.029001724568444177,0.029061583025196507,0.5725434363082327,0.10896918503905673,0.030364232444773875,0.0,1.0,1.0
W_baseline,35,0.33960013695911856,0.4372545777877675,0.3497661828201894,0.0281743445245609,0.028262558659082043,0.6078125958668741,0.09765444082864894,0.010166045861070838,0.0,1.0,1.0
W_baseline,36,0.33960013695911856,0.4534470647998001,0.3782887560468555,0.027733983974065474,0.027787709658167396,0.5946320689014098,0.11384692784068157,0.038688619087736964,0.0,1.0,1.0
W_baseline,37,0.33960013695911856,0.4149657274987379,0.32136588044704395,0.028578157476784216,0.028662187241147073,0.5915201633388936,0.07536559053961933,-0.01823425651207461,0.0,1.0,1.0
W_baseline,38,0.33960013695911856,0.41253234526770677,0.3218602245887083,0.0263661598128453,0.026453719107328518,0.6217046719011726,0.07293220830858821,-0.017739912370410282,0.0,1.0,1.0
W_baseline,39,0.33960013695911856,0.4356482025334037,0.35149460905087937,0.028077164925389878,0.028151653558591776,0.6150686768477329,0.09604806557428514,0.01189447209176081,0.0,1.0,1.0
W_baseline,40,0.33960013695911856,0.41946814123594234,0.34091237165137106,0.026731204860057485,0.026794134209026474,0.590283601390952,0.07986800427682378,0.0013122346922525008,0.0,1.0,1.0
W_baseline,41,0.33960013695911856,0.4341175463721454,0.3492033743538277,0.027855056344050947,0.02793013551063708,0.585118601495762,0.09451740941302683,0.009603237394709141,0.0,1.0,1.0
W_baseline,42,0.33960013695911856,0.42800796521360096,0.34307216093005616,0.027828362110876196,0.027900158012958528,0.5585317192161883,0.0884078282544824,0.003472023970937599,0.0,1.0,1.0
W_baseline,43,0.33960013695911856,0.4561406018426004,0.375349494094323,0.02861719293083527,0.02867894779473837,0.6639151293571359,0.11654046488348185,0.03574935713520444,0.0,1.0,1.0
W_baseline,44,0.33960013695911856,0.44013062531269964,0.3556917559778749,0.027443634739430806,0.027525989724180678,0.5595406236224671,0.10053048835358108,0.01609161901875633,0.0,1.0,1.0
W_baseline,45,0.33960013695911856,0.4080879467495055,0.3175012836061455,0.026980616133107527,0.027063566252870538,0.6114448881360436,0.06848780979038693,-0.02209885335297307,0.0,1.0,1.0
W_baseline,46,0.33960013695911856,0.41107880506725186,0.31944786593849894,0.027067258015973743,0.02715488020882587,0.6242488768609529,0.0714786681081333,-0.020152271020619617,0.0,1.0,1.0
W_baseline,47,0.33960013695911856,0.4008273289710229,0.3118070098242894,0.027939640548400153,0.028014606272581514,0.5974154135363438,0.06122719201190435,-0.027793127134829176,0.0,1.0,1.0
W_baseline,48,0.33960013695911856,0.423889561806909,0.33918515114005116,0.027313956505001562,0.027383005074927417,0.6516488713563967,0.08428942484779045,-0.00041498581906740384,0.0,1.0,1.0
W_baseline,49,0.33960013695911856,0.4358785809825805,0.3500151918197401,0.027988191877479415,0.028062444555746323,0.5438615553228938,0.09627844402346192,0.010415054860621553,0.0,1.0,1.0
W_baseline,50,0.33960013695911856,0.4106424556197279,0.3203363803706821,0.028411261341075973,0.0284880991328836,0.607589312053878,0.07104231866060934,-0.019263756588436487,0.0,1.0,1.0
W_baseline,51,0.33960013695911856,0.420184821497927,0.33712931647133,0.027774717075089127,0.027843888940935375,0.5699523899249948,0.08058468453880846,-0.002470820487788572,0.0,1.0,1.0
W_baseline,52,0.33960013695911856,0.5082826740120234,0.43373482631868254,0.028596868983390245,0.028655777937236837,0.6420706221004268,0.16868253705290487,0.09413468935956398,0.0,0.0,0.0
W_baseline,53,0.33960013695911856,0.3890999020262414,0.30501368836967946,0.027293333331888617,0.02736574528586881,0.5333238095214061,0.049499765067122836,-0.0345864485894391,1.0,1.0,1.0
W_baseline,54,0.33960013695911856,0.40274523223118674,0.313861605459761,0.02757326418547949,0.027652626719538796,0.5597073894098876,0.06314509527206819,-0.025738531499357564,0.0,1.0,1.0
W_baseline,55,0.33960013695911856,0.45584073013210336,0.3769183108181723,0.027536196047936123,0.02760147904646403,0.5850297899403119,0.1162405931729848,0.03731817385905373,0.0,1.0,1.0
W_baseline,56,0.33960013695911856,0.5139060319279976,0.44303763927162915,0.029454582439034687,0.029504839381560132,0.6008103486596682,0.174305894968879,0.10343750231251059,0.0,0.0,0.0
W_baseline,57,0.33960013695911856,0.3916370280541345,0.30006314978601606,0.02669256993152386,0.026789931901515286,0.6052663558718079,0.052036891095015914,-0.0395369871731025,1.0,1.0,1.0
W_baseline,58,0.33960013695911856,0.3815753600429253,0.2853334494365835,0.027238655184761457,0.0273352442589339,0.6068666550675889,0.041975223083806745,-0.05426668752253505,1.0,0.0,0.0
W_baseline,59,0.33960013695911856,0.40749391225017717,0.3094264990691245,0.028396096587240335,0.028491242265117803,0.5276585467261256,0.06789377529105861,-0.030173637889994054,0.0,1.0,1.0
W_baseline,60,0.33960013695911856,0.4422624744623652,0.3617907838896379,0.028728498655210502,0.028793808551598358,0.607087788458694,0.10266233750324666,0.022190646930519364,0.0,1.0,1.0
W_baseline,61,0.33960013695911856,0.4403416528600844,0.362899682668646,0.027551063444649016,0.02761089150777783,0.577348858511838,0.10074151590096586,0.023299545709527414,0.0,1.0,1.0
W_baseline,62,0.33960013695911856,0.43070756067166915,0.3397777121014586,0.02759837457253427,0.027684025826298805,0.6002653026076501,0.0911074237125506,0.00017757514234001404,0.0,1.0,1.0
W_baseline,63,0.33960013695911856,0.4558912206829397,0.3790643765097377,0.02827425174221621,0.02833471927941985,0.615311859701917,0.11629108372382113,0.03946423955061912,0.0,1.0,1.0
W_baseline,64,0.33960013695911856,0.411876295618553,0.3259731059473304,0.02761241172670547,0.027684891124461437,0.6093222348702895,0.07227615865943443,-0.013627031011788138,0.0,1.0,1.0
W_baseline,65,0.33960013695911856,0.3920609012146189,0.3033545408588418,0.02694295792933323,0.027024014221137718,0.6170088419516776,0.052460764255500336,-0.03624559610027678,1.0,1.0,1.0
W_baseline,66,0.33960013695911856,0.48020093137971886,0.40221571254820265,0.02803277621034196,0.0281001051053247,0.6631178172251936,0.1406007944206003,0.0626155755890841,0.0,0.0,0.0
W_baseline,67,0.33960013695911856,0.4393273912924545,0.3615265345252978,0.027170856039746394,0.027229334152225202,0.6300512208166039,0.09972725433333596,0.021926397566179257,0.0,1.0,1.0
W_baseline,68,0.33960013695911856,0.4197507191612124,0.3333244009538586,0.026954209532256735,0.02703647016384746,0.6030097597398151,0.08015058220209387,-0.006275736005259935,0.0,1.0,1.0
W_baseline,69,0.33960013695911856,0.45857655907383976,0.36246754529955294,0.030094554298846023,0.03017821598368963,0.6036679174937704,0.1189764221147212,0.02286740834043438,0.0,1.0,1.0
W_baseline,70,0.33960013695911856,0.3847553939858011,0.3051245090683185,0.02633276783276033,0.026398515318641166,0.5562388618521377,0.04515525702668255,-0.034475627890800054,1.0,1.0,1.0
W_baseline,71,0.33960013695911856,0.43661469274441056,0.34994339313514344,0.027978159619893757,0.028052307936615298,0.6023113355917392,0.097014555785292,0.010343256176024884,0.0,1.0,1.0
W_baseline,72,0.33960013695911856,0.41671183126097494,0.3309006294199932,0.02728844713338498,0.027362872337646976,0.5724526811357026,0.07711169430185638,-0.00869950753912535,0.0,1.0,1.0
W_baseline,73,0.33960013695911856,0.3848739305868622,0.3047145862261834,0.026796466809714682,0.026864424235289317,0.6352027922967375,0.04527379362774364,-0.034885550732935144,1.0,1.0,1.0
W_baseline,74,0.33960013695911856,0.36366550751537496,0.2742480584377196,0.025798038638395797,0.025890834098290634,0.5677070381617625,0.024065370556256405,-0.06535207852139896,1.0,0.0,0.0
W_baseline,75,0.33960013695911856,0.40141133274989466,0.313861567408639,0.02810106753623619,0.02818862523765223,0.5831760284929179,0.0618111957907761,-0.02573856955047954,0.0,1.0,1.0
W_baseline,76,0.33960013695911856,0.4216080515759113,0.34140388482479755,0.026980714852940898,0.02704608043443653,0.5935911569413614,0.08200791461679274,0.0018037478656789951,0.0,1.0,1.0
W_baseline,77,0.33960013695911856,0.457941072680658,0.3747561292523798,0.027799284346322152,0.027872601479804242,0.6035464795973838,0.11834093572153942,0.03515599229326122,0.0,1.0,1.0
W_baseline,78,0.33960013695911856,0.36000100645596395,0.273469813821198,0.026703972707796782,0.026786862079514296,0.64692425097111,0.020400869496845386,-0.06613032313792055,1.0,0.0,0.0
W_baseline,79,0.33960013695911856,0.4656349640910842,0.39141843893570916,0.028023556858868804,0.028080945458551484,0.6313251808682412,0.12603482713196562,0.0518183019765906,0.0,1.0,1.0
W_baseline,80,0.33960013695911856,0.48117720744348474,0.4068313468149425,0.028813274411304164,0.0288704336421874,0.6508310814534686,0.14157707048436619,0.06723120985582393,0.0,0.0,0.0
W_baseline,81,0.33960013695911856,0.39938402101317816,0.2963537860341843,0.029411555007078656,0.02951096892661065,0.528198802195952,0.0597838840540596,-0.043246350924934285,0.0,1.0,1.0
W_baseline,82,0.33960013695911856,0.423845700498306,0.33784121068235445,0.028681934992384535,0.02875400097946913,0.5837720338863912,0.08424556353918744,-0.0017589262767641056,0.0,1.0,1.0
W_baseline,83,0.33960013695911856,0.42446867151398254,0.3498308216263277,0.027033470150520513,0.027089318034508383,0.6323427661472937,0.08486853455486398,0.010230684667209167,0.0,1.0,1.0
W_baseline,84,0.33960013695911856,0.4110050346479095,0.3309348995581658,0.02683597719793231,0.026903524718688836,0.5898122388538021,0.07140489768879094,-0.008665237400952763,0.0,1.0,1.0
W_baseline,85,0.33960013695911856,0.4213447464674362,0.33821360440813236,0.027005332326988138,0.027073217817128153,0.5806613834128556,0.08174460950831763,-0.001386532550986197,0.0,1.0,1.0
W_baseline,86,0.33960013695911856,0.40013441021926854,0.31694151234421414,0.026362117985628524,0.02643535381065913,0.6388933291497424,0.060534273260149984,-0.02265862461490442,0.0,1.0,1.0
W_baseline,87,0.33960013695911856,0.43679509384149734,0.3553621502279253,0.027541739257584325,0.027607043275298726,0.5918441209611127,0.09719495688237878,0.01576201326880672,0.0,1.0,1.0
W_baseline,88,0.33960013695911856,0.44862841561693,0.3628153612897571,0.02940050691734649,0.029470329384890324,0.6068939429888042,0.10902827865781145,0.02321522433063855,0.0,1.0,1.0
W_baseline,89,0.33960013695911856,0.4726454617612651,0.3947531981727192,0.02798062557945143,0.028038846935706463,0.626994575995547,0.13304532480214654,0.05515306121360064,0.0,0.0,0.0
W_baseline,90,0.33960013695911856,0.444644913724579,0.36258082333427594,0.029064964443464746,0.02913041189791105,0.5542667766843258,0.10504477676546042,0.022980686375157378,0.0,1.0,1.0
W_baseline,91,0.33960013695911856,0.4815222408150913,0.3969694356070763,0.027947043274447837,0.028017839441301862,0.64518583426744,0.14192210385597276,0.057369298647957756,0.0,0.0,0.0
W_baseline,92,0.33960013695911856,0.4278173939106491,0.35240764998635177,0.027844010386262424,0.027898702461511986,0.6217481389558639,0.08821725695153054,0.012807513027233208,0.0,1.0,1.0
W_baseline,93,0.33960013695911856,0.4551404958098989,0.3774466603324838,0.02688163670533948,0.02694654800539178,0.5996425937076417,0.11554035885078034,0.03784652337336525,0.0,1.0,1.0
W_baseline,94,0.33960013695911856,0.45715474033747766,0.38157218977822727,0.02876935272539405,0.028828718067132487,0.6281341981842032,0.1175546033783591,0.04197205281910871,0.0,1.0,1.0
W_baseline,95,0.33960013695911856,0.4573757702656809,0.3690242267410456,0.028261555884793836,0.028337573707981248,0.5984910586954802,0.11777563330656232,0.029424089781927065,0.0,1.0,1.0
W_baseline,96,0.33960013695911856,0.44430917134954895,0.3599875735597531,0.02808011641811405,0.028155225374586236,0.5982638362474589,0.10470903439043039,0.020387436600634523,0.0,1.0,1.0
W_baseline,97,0.33960013695911856,0.4049999494781214,0.3192803356488982,0.02836770257797621,0.028436379053352466,0.585911488036866,0.06539981251900284,-0.020319801310220376,0.0,1.0,1.0
W_baseline,98,0.33960013695911856,0.43809463250768493,0.35049359180416445,0.027950422806586727,0.02803230716898972,0.6028115256558043,0.09849449554856637,0.010893454845045891,0.0,1.0,1.0
W_baseline,99,0.33960013695911856,0.36955917461575727,0.2830337381743758,0.02745795542877462,0.027535980974452038,0.6196079197390495,0.02995903765663871,-0.05656639878474273,1.0,0.0,0.0
W_baseline,100,0.33960013695911856,0.40556733630714215,0.32427322169974043,0.027548211507126944,0.0276156051878803,0.6297786454551995,0.06596719934802359,-0.015326915259378127,0.0,1.0,1.0
W_baseline,101,0.33960013695911856,0.41061256236309496,0.3356987597846897,0.027916613150039273,0.02797034616495295,0.657082928947499,0.0710124254039764,-0.003901377174428844,0.0,1.0,1.0
W_baseline,102,0.33960013695911856,0.4361301496212461,0.3477533609606921,0.02956869269363545,0.029648068728132946,0.6269324528657054,0.09653001266212752,0.008153224001573534,0.0,1.0,1.0
W_baseline,103,0.33960013695911856,0.4458364009116484,0.3715009846598724,0.027135013884202395,0.027189927523184405,0.6255297756186309,0.10623626395252983,0.031900847700753854,0.0,1.0,1.0
W_baseline,104,0.33960013695911856,0.43388194723985773,0.347205198618666,0.027703183394425627,0.027779436757023445,0.6143602072968758,0.09428181028073918,0.007605061659547441,0.0,1.0,1.0
W_baseline,105,0.33960013695911856,0.45811240945176757,0.3783953242317589,0.028873004226929844,0.028930988422575653,0.5659422663618121,0.118512272492649,0.038795187272640363,0.0,1.0,1.0
W_baseline,106,0.33960013695911856,0.4231741741676022,0.34313674563557284,0.027934749095525024,0.028000216273113148,0.6510028582608062,0.08357403720848366,0.003536608676454278,0.0,1.0,1.0
W_baseline,107,0.33960013695911856,0.47417513877984085,0.3915985998556259,0.02985172180052602,0.029920621703874165,0.61271039747273,0.1345750018207223,0.051998462896507336,0.0,1.0,1.0
W_baseline,108,0.33960013695911856,0.383830620239678,0.29364989446173484,0.026482957661360367,0.026565660865578034,0.6086053713135211,0.04423048328055945,-0.04595024249738372,1.0,1.0,1.0
W_baseline,109,0.33960013695911856,0.35907857873826204,0.2713522448999267,0.02595238085681474,0.026038244219468747,0.5677483596927403,0.019478441779143485,-0.06824789205919185,1.0,0.0,0.0
W_baseline,110,0.33960013695911856,0.4510891318424499,0.35675836477929435,0.029369208639159677,0.029455456435255933,0.5645015250626063,0.11148899488333136,0.017158227820175787,0.0,1.0,1.0
W_baseline,111,0.33960013695911856,0.38598101525268985,0.2929704609013156,0.027658228757403158,0.027747370533561397,0.6055368486493435,0.04638087829357129,-0.04662967605780294,1.0,1.0,1.0
W_baseline,112,0.33960013695911856,0.44947021666606246,0.37024744925251374,0.027118256954538674,0.027184038031293028,0.6617844988351845,0.1098700797069439,0.03064731229339518,0.0,1.0,1.0
W_baseline,113,0.33960013695911856,0.40635671858957984,0.31236789471436976,0.02851092914257926,0.02859527050957045,0.5925049727397077,0.06675658163046128,-0.027232242244748794,0.0,1.0,1.0
W_baseline,114,0.33960013695911856,0.4584098609855952,0.37498289795924084,0.028258431396303726,0.028329901441500577,0.6056151331970748,0.11880972402647666,0.035382761000122276,0.0,1.0,1.0
W_baseline,115,0.33960013695911856,0.4164179005794886,0.3246114651715559,0.028318581928293632,0.02839598810773149,0.5988014591931105,0.07681776362037002,-0.014988671787562635,0.0,1.0,1.0
W_baseline,116,0.33960013695911856,0.44756282795664937,0.363690583752727,0.02884764025764589,0.028911693200818576,0.6146886820128167,0.10796269099753081,0.024090446793608444,0.0,1.0,1.0
W_baseline,117,0.33960013695911856,0.46241688480579546,0.38631368867883076,0.028702521390000152,0.02875981355160849,0.5733682208049938,0.1228167478466769,0.0467135517197122,0.0,1.0,1.0
W_baseline,118,0.33960013695911856,0.4324043648197586,0.35942738100485705,0.0276024106303052,0.02765627014547771,0.5609640479995046,0.09280422786064002,0.01982724404573849,0.0,1.0,1.0
W_baseline,119,0.33960013695911856,0.43313488970368796,0.34568076724174646,0.02826060531539137,0.028341521635374685,0.5731704091003428,0.0935347527445694,0.006080630282627897,0.0,1.0,1.0
W_baseline,120,0.33960013695911856,0.39733080814082133,0.30703542185610544,0.027313171145800744,0.027395841659665486,0.6127001541432312,0.057730671181702775,-0.03256471510301312,0.0,1.0,1.0
W_baseline,121,0.33960013695911856,0.39082434875462857,0.3018994540741774,0.02703735209695537,0.027119310397734353,0.5381766794759136,0.05122421179551001,-0.03770068288494116,1.0,1.0,1.0
W_baseline,122,0.33960013695911856,0.42045303777935816,0.3338187393728786,0.02783129090901137,0.027910652077909458,0.5485913791417016,0.0808529008202396,-0.005781397586239967,0.0,1.0,1.0
W_baseline,123,0.33960013695911856,0.41375759139652046,0.32743191039104763,0.027790519544295372,0.027859810198931495,0.5696373661353675,0.0741574544374019,-0.012168226568070928,0.0,1.0,1.0
W_baseline,124,0.33960013695911856,0.4645787141700015,0.38352302885049444,0.0280541058844697,0.028116735822755628,0.5464636061615393,0.12497857721088296,0.04392289189137588,0.0,1.0,1.0
W_baseline,125,0.33960013695911856,0.44065757693187546,0.3632383053429814,0.027414971262775794,0.027475545140154,0.5976643439827942,0.1010574399727569,0.023638168383862845,0.0,1.0,1.0
W_baseline,126,0.33960013695911856,0.42906443762942403,0.33669270511834365,0.028089851504674114,0.028176301365925048,0.6063996688028589,0.08946430067030547,-0.00290743184077491,0.0,1.0,1.0
W_baseline,127,0.33960013695911856,0.3893314953716833,0.30129403033727026,0.027532103907809236,0.027605650479082262,0.5895848201752454,0.04973135841256476,-0.0383061066218483,1.0,1.0,1.0
W_baseline,128,0.33960013695911856,0.4743969007395906,0.39163856654620544,0.027614293105953685,0.02768471368144142,0.6327749412122934,0.13479676378047206,0.052038429587086876,0.0,1.0,1.0
W_baseline,129,0.33960013695911856,0.45079702436242186,0.3648903620572008,0.028272267994613166,0.028346200542316534,0.5852862455503052,0.1111968874033033,0.025290225098082264,0.0,1.0,1.0
W_baseline,130,0.33960013695911856,0.42385900075147276,0.33842743207997084,0.02806372036902465,0.028139809461047098,0.6324709006668944,0.0842588637923542,-0.0011727048791477235,0.0,1.0,1.0
W_baseline,131,0.33960013695911856,0.4007442061870857,0.3116230802856361,0.027428417540937902,0.027507673532413072,0.5725099187871976,0.06114406922796717,-0.027977056673482437,0.0,1.0,1.0
W_baseline,132,0.33960013695911856,0.4304278178768354,0.34529136969228985,0.028181737660016516,0.028254146409515683,0.5658521897132122,0.09082768091771681,0.005691232733171292,0.0,1.0,1.0
W_baseline,133,0.33960013695911856,0.4286703517009302,0.35260925266500565,0.02707308263722893,0.02713106890529322,0.6319966256090692,0.08907021474181165,0.013009115705887087,0.0,1.0,1.0
W_baseline,134,0.33960013695911856,0.4021516466763345,0.3079662632699057,0.027613848184915593,0.027705642510082854,0.584307454403896,0.06255150971721596,-0.03163387368921283,0.0,1.0,1.0
W_baseline,135,0.33960013695911856,0.4614447474230793,0.3802389903625074,0.02822488383055453,0.02828479836377506,0.633573221824457,0.12184461046396072,0.04063885340338885,0.0,1.0,1.0
W_baseline,136,0.33960013695911856,0.43316924948476865,0.35709513935080045,0.02689624026898023,0.026957913977673227,0.6553764416352214,0.09356911252565009,0.01749500239168189,0.0,1.0,1.0
W_baseline,137,0.33960013695911856,0.4481752015086907,0.35956706271798333,0.028533652214218,0.028611191119693284,0.5937238254714623,0.10857506454957216,0.019966925758864773,0.0,1.0,1.0
W_baseline,138,0.33960013695911856,0.4358850845860597,0.35603776148530364,0.027835938857991654,0.027903768094360404,0.6317020694238281,0.09628494762694112,0.01643762452618508,0.0,1.0,1.0
W_baseline,139,0.33960013695911856,0.39112239656279524,0.29504773713672305,0.027341518910811477,0.02743022278373037,0.6092060482970882,0.05152225960367668,-0.044552399822395505,1.0,1.0,1.0
W_baseline,140,0.33960013695911856,0.39149530881158845,0.3006768189545281,0.026618818910640267,0.026706994948510945,0.6107180424938092,0.05189517185246989,-0.03892331800459048,1.0,1.0,1.0
W_baseline,141,0.33960013695911856,0.43164276458193224,0.3486595213682498,0.027609587937100402,0.027680025736962332,0.6014303384821675,0.09204262762281368,0.009059384409131233,0.0,1.0,1.0
W_baseline,142,0.33960013695911856,0.41942522679160343,0.3239961384152109,0.028807145082647024,0.02889582737500808,0.593584427161952,0.07982508983248487,-0.015603998543907649,0.0,1.0,1.0
W_baseline,143,0.33960013695911856,0.43534058644141205,0.3499670197034671,0.0274231939922563,0.02749655446987416,0.6161271319480572,0.09574044948229349,0.010366882744348549,0.0,1.0,1.0
W_baseline,144,0.33960013695911856,0.41693839751905887,0.3315403828841929,0.027755384582749742,0.027833633633917387,0.6206881748918536,0.07733826055994031,-0.008059754074925651,0.0,1.0,1.0
W_baseline,145,0.33960013695911856,0.3408333815695707,0.24572956070203195,0.02819593925319731,0.02828575748866823,0.5751260744960599,0.0012332446104521555,-0.09387057625708661,1.0,0.0,0.0
W_baseline,146,0.33960013695911856,0.39451197471635263,0.3122297630791805,0.02640217677124461,0.02647295175948367,0.5890839385719712,0.05491183775723407,-0.02737037387993807,0.0,1.0,1.0
W_baseline,147,0.33960013695911856,0.36962159292664776,0.2876344709512209,0.027148271816369033,0.02721508462792092,0.5525016965145157,0.030021455967529198,-0.05196566600789765,1.0,1.0,1.0
W_baseline,148,0.33960013695911856,0.42953690029964686,0.34436605164695744,0.02801436262615254,0.028089041839293706,0.5846317817573274,0.0899367633405283,0.004765914687838879,0.0,1.0,1.0
W_baseline,149,0.33960013695911856,0.4567458098412046,0.3726476237664728,0.027642985051882774,0.027716502795850955,0.6417516693451742,0.11714567288208605,0.033047486807354254,0.0,1.0,1.0
